Trade Type;Category;Year;One-family houses;Residential properties with 2 or 3 flats;Residential properties with 4 flats and over;Residential and business properties;Business properties;Industrial properties and warehouses;Agricultural properties, total;Weekend cottages;Building sites (unbuilt area not agriculture) total;Owner-occupied flats, not free. Number;Owner-occupied flats, free;Owner-occupied flats, total;Other built-up. Number;Total sale;Residential properties with 2 flats;Residential properties with 3 flats;Residential properties with 4-8 flats;Residential properties with 9 flats and over;Agricultural properties 10-100 hectares;Agricultural properties 2-5 hectares;Agricultural properties 5-10 hectares;Agricultural properties 10-15 hectares;Agricultural properties 15-30 hectares;Agricultural properties 30-60 hectares;Agricultural properties over 60 hectares;Agricultural properties 60-100 hectares;Agricultural properties over 100 hectares;Building sites (unbuilt area not agriculture) under 2000 m2;Building sites (unbuilt area not agriculture) 2000 m2 and over
Ordinary free trade;Number of sales in the price calculation;2003;47309;0;0;1994;1152;707;2407;10594;0;0;15981;15981;0;85590;845;153;408;194;1494;222;663;383;573;397;169;141;28;3251;595
Ordinary free trade;Number of sales in the price calculation;2004;52551;0;0;2063;1155;848;2524;11387;0;0;17921;17921;0;95673;827;184;519;207;1596;186;699;423;615;408;193;150;43;4771;716
Ordinary free trade;Number of sales in the price calculation;2005;54726;0;0;2479;1417;1061;2373;10536;0;0;18696;18696;0;98666;981;222;673;329;1484;212;638;408;555;360;200;161;39;4546;627
Ordinary free trade;Number of sales in the price calculation;2006;48030;0;0;2456;1430;1271;1778;8023;0;0;15367;15367;0;87793;919;187;661;345;1016;148;579;328;311;232;180;145;35;6560;766
Ordinary free trade;Number of sales in the price calculation;2007;46650;0;0;2199;1355;1077;1888;6732;0;0;12851;12851;0;77559;823;194;600;223;1155;137;552;303;442;285;169;125;44;2619;348
Ordinary free trade;Number of sales in the price calculation;2008;35271;0;0;1456;964;738;1512;4635;0;0;10682;10682;0;59476;550;113;375;118;1010;83;391;284;362;263;129;101;28;2779;283
Ordinary free trade;Number of sales in the price calculation;2009;29553;0;0;819;604;372;938;4628;0;0;9189;9189;0;49131;489;59;210;73;601;57;269;166;221;157;68;57;11;1958;239
Ordinary free trade;Number of sales in the price calculation;2010;35161;0;0;1050;774;552;1252;5594;0;0;10137;10137;0;60427;760;64;250;115;792;58;380;217;295;210;92;70;22;4267;451
Ordinary free trade;Number of sales in the price calculation;2011;28833;607;406;1005;715;513;1376;4405;0;0;8534;8534;0;48263;0;0;0;0;0;0;0;0;0;0;0;0;0;0;0
Ordinary free trade;Number of sales in the price calculation;2012;28896;626;337;840;642;428;1269;5076;0;0;9680;9680;0;49711;0;0;0;0;0;0;0;0;0;0;0;0;0;0;0
Ordinary free trade;Number of sales in the price calculation;2013;29165;670;355;907;611;456;1491;5105;0;0;10175;10175;0;50930;0;0;0;0;0;0;0;0;0;0;0;0;0;0;0
Ordinary free trade;Number of sales in the price calculation;2014;31921;782;366;887;640;457;1483;5508;0;0;12601;12601;0;56904;0;0;0;0;0;0;0;0;0;0;0;0;0;0;0
Ordinary free trade;Number of sales in the price calculation;2015;38289;908;465;1093;740;584;1566;6480;0;0;15792;15792;0;68608;0;0;0;0;0;0;0;0;0;0;0;0;0;0;0
Ordinary free trade;Number of sales in the price calculation;2016;38981;849;428;1136;730;575;1453;7065;0;0;15434;15434;0;69227;0;0;0;0;0;0;0;0;0;0;0;0;0;0;0
Ordinary free trade;Number of sales in the price calculation;2017;43958;931;447;1228;768;655;1675;8916;0;0;16066;16066;0;77637;0;0;0;0;0;0;0;0;0;0;0;0;0;0;0
Ordinary free trade;Average price per property (dkk 1000);2003;1199;0;0;3284;7297;6088;2806;774;0;0;1052;1052;0;1322;1214;1420;2262;12050;3390;1102;1449;1754;2617;4662;9036;7391;17324;214;277
Ordinary free trade;Average price per property (dkk 1000);2004;1332;0;0;4001;7859;5730;3060;927;0;0;1203;1203;0;1458;1339;1374;3004;14880;3666;1238;1522;1887;2745;5048;9756;8701;13436;258;278
Ordinary free trade;Average price per property (dkk 1000);2005;1511;0;0;5179;9407;6968;3712;1140;0;0;1453;1453;0;1778;1452;1692;3706;15950;4394;1503;1908;2267;3263;5902;12066;10310;19315;290;456
Ordinary free trade;Average price per property (dkk 1000);2006;1748;0;0;5524;9391;10148;4527;1344;0;0;1764;1764;0;2137;1796;1742;4311;26849;5492;1561;2398;2803;3582;7106;15270;13090;24301;485;663
Ordinary free trade;Average price per property (dkk 1000);2007;1819;0;0;5317;10172;10914;5452;1428;0;0;1675;1675;0;2238;1811;1826;4098;19994;6585;1753;2551;3250;4769;9059;17574;15451;23603;410;782
Ordinary free trade;Average price per property (dkk 1000);2008;1826;0;0;5026;11572;8667;6353;1407;0;0;1710;1710;0;2190;1806;1715;3551;20516;7541;1824;2586;3498;5400;10729;20722;18287;29506;517;670
Ordinary free trade;Average price per property (dkk 1000);2009;1763;0;0;4512;8087;7946;4963;1260;0;0;1542;1542;0;1891;2044;1979;3493;19949;6211;1559;2189;2733;4579;8227;17944;17118;22224;584;562
Ordinary free trade;Average price per property (dkk 1000);2010;1847;0;0;4721;10500;6467;4220;1260;0;0;1701;1701;0;1958;2239;1876;3258;14603;4968;1398;2113;2497;3710;6847;14411;12296;21140;602;527
Ordinary free trade;Average price per property (dkk 1000);2011;1770;2281;7377;4590;8055;6499;4225;1203;0;0;1679;1679;0;1981;0;0;0;0;0;0;0;0;0;0;0;0;0;0;0
Ordinary free trade;Average price per property (dkk 1000);2012;1800;2226;9148;4969;8816;5215;3897;1161;0;0;1701;1701;0;1951;0;0;0;0;0;0;0;0;0;0;0;0;0;0;0
Ordinary free trade;Average price per property (dkk 1000);2013;1884;2534;10553;6206;9473;4784;3792;1141;0;0;1845;1845;0;2071;0;0;0;0;0;0;0;0;0;0;0;0;0;0;0
Ordinary free trade;Average price per property (dkk 1000);2014;1955;2665;10040;5597;11378;5294;3847;1134;0;0;1945;1945;0;2121;0;0;0;0;0;0;0;0;0;0;0;0;0;0;0
Ordinary free trade;Average price per property (dkk 1000);2015;2082;2724;10220;5423;10358;6078;4051;1160;0;0;2063;2063;0;2220;0;0;0;0;0;0;0;0;0;0;0;0;0;0;0
Ordinary free trade;Average price per property (dkk 1000);2016;2122;2808;9125;4855;10049;6802;3937;1171;0;0;2156;2156;0;2235;0;0;0;0;0;0;0;0;0;0;0;0;0;0;0
Ordinary free trade;Average price per property (dkk 1000);2017;2209;2897;9964;5213;10282;6772;3592;1230;0;0;2369;2369;0;2317;0;0;0;0;0;0;0;0;0;0;0;0;0;0;0
Ordinary free trade;Total value of trade (DKK millions);2003;56723.491;0;0;6548.296;8406.144;4304.216;6754.042;8199.756;0;0;16812.012;16812.012;0;113149.98;1025.83;217.26;922.896;2337.7;5064.66;244.644;960.687;671.782;1499.541;1850.814;1527.084;1042.131;485.072;695.714;164.815
Ordinary free trade;Total value of trade (DKK millions);2004;69997.932;0;0;8254.063;9077.145;4859.04;7723.44;10555.749;0;0;21558.963;21558.963;0;139491.234;1107.353;252.816;1559.076;3080.16;5850.936;230.268;1063.878;798.201;1688.175;2059.584;1882.908;1305.15;577.748;1230.918;199.048
Ordinary free trade;Total value of trade (DKK millions);2005;82690.986;0;0;12838.741;13329.719;7393.048;8808.576;12011.04;0;0;27165.288;27165.288;0;175428.148;1424.412;375.624;2494.138;5247.55;6520.696;318.636;1217.304;924.936;1810.965;2124.72;2413.2;1659.91;753.285;1318.34;285.912
Ordinary free trade;Total value of trade (DKK millions);2006;83956.44;0;0;13566.944;13429.13;12898.108;8049.006;10782.912;0;0;27107.388;27107.388;0;187613.641;1650.524;325.754;2849.571;9262.905;5579.872;231.028;1388.442;919.384;1114.002;1648.592;2748.6;1898.05;850.535;3181.6;507.858
Ordinary free trade;Total value of trade (DKK millions);2007;84856.35;0;0;11692.083;13783.06;11754.378;10293.376;9613.296;0;0;21525.425;21525.425;0;173577.042;1490.453;354.244;2458.8;4458.662;7605.675;240.161;1408.152;984.75;2107.898;2581.815;2970.006;1931.375;1038.532;1073.79;272.136
Ordinary free trade;Total value of trade (DKK millions);2008;64404.846;0;0;7317.856;11155.408;6396.246;9605.736;6521.445;0;0;18266.22;18266.22;0;130252.44;993.3;193.795;1331.625;2420.888;7616.41;151.392;1011.126;993.432;1954.8;2821.727;2673.138;1846.987;826.168;1436.743;189.61
Ordinary free trade;Total value of trade (DKK millions);2009;52101.939;0;0;3695.328;4884.548;2955.912;4655.294;5831.28;0;0;14169.438;14169.438;0;92906.721;999.516;116.761;733.53;1456.277;3732.811;88.863;588.841;453.678;1011.959;1291.639;1220.192;975.726;244.464;1143.472;134.318
Ordinary free trade;Total value of trade (DKK millions);2010;64942.367;0;0;4957.05;8127;3569.784;5283.44;7048.44;0;0;17243.037;17243.037;0;118316.066;1701.64;120.064;814.5;1679.345;3934.656;81.084;802.94;541.849;1094.45;1437.87;1325.812;860.72;465.08;2568.734;237.677
Ordinary free trade;Total value of trade (DKK millions);2011;51034.41;1384.567;2995.062;4612.95;5759.325;3333.987;5813.6;5299.215;0;0;14328.586;14328.586;0;95609.003;0;0;0;0;0;0;0;0;0;0;0;0;0;0;0
Ordinary free trade;Total value of trade (DKK millions);2012;52012.8;1393.476;3082.876;4173.96;5659.872;2232.02;4945.293;5893.236;0;0;16465.68;16465.68;0;96986.161;0;0;0;0;0;0;0;0;0;0;0;0;0;0;0
Ordinary free trade;Total value of trade (DKK millions);2013;54946.86;1697.78;3746.315;5628.842;5788.003;2181.504;5653.872;5824.805;0;0;18772.875;18772.875;0;105476.03;0;0;0;0;0;0;0;0;0;0;0;0;0;0;0
Ordinary free trade;Total value of trade (DKK millions);2014;62405.555;2084.03;3674.64;4964.539;7281.92;2419.358;5705.101;6246.072;0;0;24508.945;24508.945;0;120693.384;0;0;0;0;0;0;0;0;0;0;0;0;0;0;0
Ordinary free trade;Total value of trade (DKK millions);2015;79717.698;2473.392;4752.3;5927.339;7664.92;3549.552;6343.866;7516.8;0;0;32578.896;32578.896;0;152309.76;0;0;0;0;0;0;0;0;0;0;0;0;0;0;0
Ordinary free trade;Total value of trade (DKK millions);2016;82717.682;2383.992;3905.5;5515.28;7335.77;3911.15;5720.461;8273.115;0;0;33275.704;33275.704;0;154722.345;0;0;0;0;0;0;0;0;0;0;0;0;0;0;0
Ordinary free trade;Total value of trade (DKK millions);2017;97103.222;2697.107;4453.908;6401.564;7896.576;4435.66;6016.6;10966.68;0;0;38060.354;38060.354;0;179884.929;0;0;0;0;0;0;0;0;0;0;0;0;0;0;0
Ordinary free trade;Purchase sum per hectare/m2;2003;0;0;0;0;0;0;126028;0;0;0;0;0;0;0;0;0;0;0;115592;305595;198433;141876;122952;111248;106150;101735;117063;203;52
Ordinary free trade;Purchase sum per hectare/m2;2004;0;0;0;0;0;0;133400;0;0;0;0;0;0;0;0;0;0;0;125954;330993;209836;152206;129016;120651;112567;118068;101848;246;52
Ordinary free trade;Purchase sum per hectare/m2;2005;0;0;0;0;0;0;160364;0;0;0;0;0;0;0;0;0;0;0;147508;408150;255396;184275;150893;141052;139454;136955;145297;284;81
Ordinary free trade;Purchase sum per hectare/m2;2006;0;0;0;0;0;0;197312;0;0;0;0;0;0;0;0;0;0;0;176473;420140;325955;228858;168238;163974;179696;173702;194689;484;106
Ordinary free trade;Purchase sum per hectare/m2;2007;0;0;0;0;0;0;228823;0;0;0;0;0;0;0;0;0;0;0;218112;481555;345021;264994;223197;212657;196685;201808;187818;400;126
Ordinary free trade;Purchase sum per hectare/m2;2008;0;0;0;0;0;0;263205;0;0;0;0;0;0;0;0;0;0;0;255721;484055;347145;282255;252224;257122;242454;244892;237176;505;96
Ordinary free trade;Purchase sum per hectare/m2;2009;0;0;0;0;0;0;217935;0;0;0;0;0;0;0;0;0;0;0;210003;434064;292121;223875;211210;197915;210523;220155;179224;578;73
Ordinary free trade;Purchase sum per hectare/m2;2010;0;0;0;0;0;0;183566;0;0;0;0;0;0;0;0;0;0;0;171610;372554;280370;203273;171920;164170;167537;167484;167637;600;94
Ordinary free trade;Purchase sum per hectare/m2;2011;0;0;0;0;0;0;174028;0;0;0;0;0;0;0;0;0;0;0;0;0;0;0;0;0;0;0;0;0;0
Ordinary free trade;Purchase sum per hectare/m2;2012;0;0;0;0;0;0;162401;0;0;0;0;0;0;0;0;0;0;0;0;0;0;0;0;0;0;0;0;0;0
Ordinary free trade;Purchase sum per hectare/m2;2013;0;0;0;0;0;0;165475;0;0;0;0;0;0;0;0;0;0;0;0;0;0;0;0;0;0;0;0;0;0
Ordinary free trade;Purchase sum per hectare/m2;2014;0;0;0;0;0;0;172752;0;0;0;0;0;0;0;0;0;0;0;0;0;0;0;0;0;0;0;0;0;0
Ordinary free trade;Purchase sum per hectare/m2;2015;0;0;0;0;0;0;174407;0;0;0;0;0;0;0;0;0;0;0;0;0;0;0;0;0;0;0;0;0;0
Ordinary free trade;Purchase sum per hectare/m2;2016;0;0;0;0;0;0;172497;0;0;0;0;0;0;0;0;0;0;0;0;0;0;0;0;0;0;0;0;0;0
Ordinary free trade;Purchase sum per hectare/m2;2017;0;0;0;0;0;0;176738;0;0;0;0;0;0;0;0;0;0;0;0;0;0;0;0;0;0;0;0;0;0
Ordinary free trade;Purchase sum in percent of taxable value;2003;1131;0;0;1228;1093;1036;1244;1278;0;0;1216;1216;0;1167;1032;1194;1536;1577;1226;1224;1237;1222;1216;1246;1288;1210;1493;1373;1328
Ordinary free trade;Purchase sum in percent of taxable value;2004;1166;0;0;1424;1224;1018;1286;1356;0;0;1186;1186;0;1215;994;1109;1784;1931;1283;1274;1297;1257;1261;1280;1322;1333;1300;1497;1469
Ordinary free trade;Purchase sum in percent of taxable value;2005;1369;0;0;1407;1251;1123;1310;1563;0;0;1427;1427;0;1382;1163;1366;1760;1914;1291;1308;1358;1271;1289;1311;1316;1281;1401;1472;1579
Ordinary free trade;Purchase sum in percent of taxable value;2006;1320;0;0;1176;1158;1081;1231;1228;0;0;1246;1246;0;1239;998;1062;1118;1112;1218;1234;1231;1204;1216;1235;1244;1211;1325;1309;1200
Ordinary free trade;Purchase sum in percent of taxable value;2007;1385;0;0;1370;1327;1244;1404;1282;0;0;1187;1187;0;1322;1043;1158;1281;1111;1411;1404;1431;1413;1383;1420;1390;1428;1323;1372;923
Ordinary free trade;Purchase sum in percent of taxable value;2008;1035;0;0;1129;1167;1127;1149;1063;0;0;977;977;0;1059;805;893;1123;1242;1165;1072;1075;1096;1107;1199;1188;1221;1119;1304;1370
Ordinary free trade;Purchase sum in percent of taxable value;2009;1111;0;0;1061;1014;986;941;1106;0;0;1111;1111;0;1080;694;858;974;1027;957;936;934;881;893;943;1016;1105;767;1227;1079
Ordinary free trade;Purchase sum in percent of taxable value;2010;1138;0;0;1083;1187;1069;985;1101;0;0;1179;1179;0;1123;710;835;980;1009;981;1032;1016;961;964;1000;977;983;966;1393;1121
Ordinary free trade;Purchase sum in percent of taxable value;2011;1108;726;947;1023;1040;991;926;1047;0;0;1179;1179;0;1076;0;0;0;0;0;0;0;0;0;0;0;0;0;0;0
Ordinary free trade;Purchase sum in percent of taxable value;2012;1044;683;998;1006;1088;977;874;1017;0;0;1108;1108;0;1035;0;0;0;0;0;0;0;0;0;0;0;0;0;0;0
Ordinary free trade;Purchase sum in percent of taxable value;2013;1071;728;1059;1074;1211;896;916;1001;0;0;1202;1202;0;1074;0;0;0;0;0;0;0;0;0;0;0;0;0;0;0
Ordinary free trade;Purchase sum in percent of taxable value;2014;1145;763;1079;1122;1144;888;946;1037;0;0;1349;1349;0;1143;0;0;0;0;0;0;0;0;0;0;0;0;0;0;0
Ordinary free trade;Purchase sum in percent of taxable value;2015;1213;795;1195;1172;1205;1008;948;1051;0;0;1483;1483;0;1219;0;0;0;0;0;0;0;0;0;0;0;0;0;0;0
Ordinary free trade;Purchase sum in percent of taxable value;2016;1262;894;1275;1188;1224;1068;912;1074;0;0;1607;1607;0;1273;0;0;0;0;0;0;0;0;0;0;0;0;0;0;0
Ordinary free trade;Purchase sum in percent of taxable value;2017;1311;941;1337;1313;1382;1054;923;1119;0;0;1717;1717;0;1333;0;0;0;0;0;0;0;0;0;0;0;0;0;0;0
Ordinary free trade;Estimated number of sales;2003;51245;0;0;2488;1447;936;4652;11482;0;1240;18083;19323;9552;113275;1619;271;473;240;2434;910;1246;677;968;578;273;211;62;7722;1825
Ordinary free trade;Estimated number of sales;2004;56951;0;0;2703;1523;1106;4904;12503;0;3210;19405;22615;11437;130386;1788;339;627;299;2538;996;1289;725;1013;593;288;207;81;11315;2276
Ordinary free trade;Estimated number of sales;2005;59888;0;0;3087;1856;1377;4875;11610;0;4928;20380;25308;11877;138292;2000;391;807;429;2592;956;1254;729;1019;616;301;228;73;12279;2508
Ordinary free trade;Estimated number of sales;2006;52564;0;0;3004;1842;1567;4192;8900;0;1136;18205;19341;11180;120381;1692;390;745;447;2118;901;1098;552;825;508;308;233;75;11894;2623
Ordinary free trade;Estimated number of sales;2007;51686;0;0;2694;1812;1378;4011;7624;0;1283;17256;18539;10203;112273;1606;418;708;307;2004;838;1082;565;776;468;282;195;87;9394;1893
Ordinary free trade;Estimated number of sales;2008;39702;0;0;1843;1271;984;3631;5420;0;786;12760;13546;8556;84640;1187;272;447;174;1925;740;905;545;721;473;247;186;61;6226;1381
Ordinary free trade;Estimated number of sales;2009;34276;0;0;1081;794;508;2574;5354;0;770;11169;11939;5697;67853;789;141;268;112;1814;89;538;385;596;526;440;307;133;3481;839
Ordinary free trade;Estimated number of sales;2010;38987;0;0;1331;1036;838;2942;6124;0;1315;12653;13968;9787;85117;1064;159;351;243;2012;95;603;413;641;589;601;369;232;6601;1686
Ordinary free trade;Estimated number of sales;2011;32200;1092;614;1305;968;686;2843;4892;4036;1096;10768;11864;8941;69441;0;0;0;0;0;0;0;0;0;0;0;0;0;0;0
Ordinary free trade;Estimated number of sales;2012;32631;1109;487;1162;895;649;2730;5627;3921;1116;11848;12964;7813;69988;0;0;0;0;0;0;0;0;0;0;0;0;0;0;0
Ordinary free trade;Estimated number of sales;2013;33020;1053;491;1178;849;640;2935;5704;3905;1065;12570;13635;7789;71199;0;0;0;0;0;0;0;0;0;0;0;0;0;0;0
Ordinary free trade;Estimated number of sales;2014;36135;1160;499;1227;891;662;3021;6063;4346;1118;15237;16355;8384;78743;0;0;0;0;0;0;0;0;0;0;0;0;0;0;0
Ordinary free trade;Estimated number of sales;2015;43121;1384;734;1433;1017;776;3169;7087;5226;1325;18740;20065;10369;94381;0;0;0;0;0;0;0;0;0;0;0;0;0;0;0
Ordinary free trade;Estimated number of sales;2016;44074;1362;565;1512;1039;788;3106;7778;5079;1160;18445;19605;10862;95770;0;0;0;0;0;0;0;0;0;0;0;0;0;0;0
Ordinary free trade;Estimated number of sales;2017;49248;1444;605;1616;1055;860;3422;9682;5855;1081;19489;20570;12196;106553;0;0;0;0;0;0;0;0;0;0;0;0;0;0;0
Intra-family trade;Number of sales in the price calculation;2003;2448;0;0;160;39;20;709;1502;0;0;1057;1057;0;6327;71;14;20;19;547;28;109;95;183;192;102;77;25;196;72
Intra-family trade;Number of sales in the price calculation;2004;2694;0;0;148;34;17;736;1636;0;0;1206;1206;0;6840;57;19;23;14;556;23;127;110;199;166;111;81;30;160;96
Intra-family trade;Number of sales in the price calculation;2005;3030;0;0;161;43;32;764;1938;0;0;2359;2359;0;8841;94;24;36;15;560;37;130;111;203;163;120;83;37;251;94
Intra-family trade;Number of sales in the price calculation;2006;2643;0;0;144;38;23;520;1559;0;0;1931;1931;0;7324;70;16;41;20;367;28;101;75;104;111;101;77;24;232;87
Intra-family trade;Number of sales in the price calculation;2007;2538;0;0;131;43;25;815;1343;0;0;1311;1311;0;6534;58;22;22;7;596;27;134;74;189;218;173;115;58;148;71
Intra-family trade;Number of sales in the price calculation;2008;2251;0;0;136;39;14;464;1140;0;0;923;923;0;5300;48;19;37;9;337;16;92;71;113;99;73;54;19;160;60
Intra-family trade;Number of sales in the price calculation;2009;1651;0;0;59;16;14;385;757;0;0;429;429;0;3504;32;9;19;8;299;5;59;43;94;108;76;54;22;89;36
Intra-family trade;Number of sales in the price calculation;2010;2586;0;0;73;10;9;217;929;0;0;598;598;0;4670;30;4;16;8;132;12;61;36;48;30;30;18;12;140;50
Intra-family trade;Number of sales in the price calculation;2011;2527;49;17;78;13;16;255;981;0;0;565;565;0;4641;0;0;0;0;0;0;0;0;0;0;0;0;0;0;0
Intra-family trade;Number of sales in the price calculation;2012;2581;45;16;72;18;7;238;1039;0;0;570;570;0;4707;0;0;0;0;0;0;0;0;0;0;0;0;0;0;0
Intra-family trade;Number of sales in the price calculation;2013;2439;50;8;66;19;7;256;1007;0;0;637;637;0;4587;0;0;0;0;0;0;0;0;0;0;0;0;0;0;0
Intra-family trade;Number of sales in the price calculation;2014;2828;41;17;72;15;22;279;1250;0;0;973;973;0;5632;0;0;0;0;0;0;0;0;0;0;0;0;0;0;0
Intra-family trade;Number of sales in the price calculation;2015;3188;71;25;87;17;16;280;1449;0;0;1504;1504;0;6805;0;0;0;0;0;0;0;0;0;0;0;0;0;0;0
Intra-family trade;Number of sales in the price calculation;2016;3222;60;37;84;14;16;294;1153;0;0;1635;1635;0;6648;0;0;0;0;0;0;0;0;0;0;0;0;0;0;0
Intra-family trade;Number of sales in the price calculation;2017;3759;61;37;85;23;11;301;1331;0;0;2026;2026;0;7770;0;0;0;0;0;0;0;0;0;0;0;0;0;0;0
Intra-family trade;Average price per property (dkk 1000);2003;843;0;0;2022;1894;3098;2755;535;0;0;816;816;0;1006;993;1060;1203;4046;2900;760;1077;1503;1970;3401;6457;5589;9131;138;141
Intra-family trade;Average price per property (dkk 1000);2004;915;0;0;1616;6213;819;2871;613;0;0;876;876;0;1075;904;1056;1814;7315;2908;755;1219;1425;1908;3823;6932;5503;10789;139;151
Intra-family trade;Average price per property (dkk 1000);2005;985;0;0;2004;4036;2579;2979;673;0;0;958;958;0;1109;1220;1453;1727;7882;3025;925;1183;1376;2106;3682;7566;6186;10662;201;214
Intra-family trade;Average price per property (dkk 1000);2006;1144;0;0;1767;4840;2035;3527;826;0;0;1093;1093;0;1251;1524;1792;2120;6695;3688;857;1400;1718;2183;3881;8732;7360;13137;198;214
Intra-family trade;Average price per property (dkk 1000);2007;1267;0;0;3610;2494;1681;4819;1034;0;0;1214;1214;0;1693;1228;1564;2546;14666;4642;896;1592;1886;2976;4933;11053;8601;15914;264;230
Intra-family trade;Average price per property (dkk 1000);2008;1368;0;0;3788;3822;1578;4785;1145;0;0;1300;1300;0;1676;1173;1705;3437;11597;4979;1320;1698;2196;3066;5364;13827;11933;19211;306;331
Intra-family trade;Average price per property (dkk 1000);2009;1370;0;0;1637;2274;2244;6506;1065;0;0;1350;1350;0;1860;1481;1672;2178;7118;6398;1304;1930;2249;3596;7067;15612;13238;21437;310;377
Intra-family trade;Average price per property (dkk 1000);2010;1191;0;0;1943;1231;2038;4242;937;0;0;1232;1232;0;1280;1814;612;1288;6815;4444;1584;1931;2269;3193;6454;11840;8781;16428;303;402
Intra-family trade;Average price per property (dkk 1000);2011;1184;1528;5742;2250;1853;1974;4771;924;0;0;1192;1192;0;1344;0;0;0;0;0;0;0;0;0;0;0;0;0;0;0
Intra-family trade;Average price per property (dkk 1000);2012;1180;1491;3020;1747;3085;2466;5064;913;0;0;1213;1213;0;1327;0;0;0;0;0;0;0;0;0;0;0;0;0;0;0
Intra-family trade;Average price per property (dkk 1000);2013;1189;1644;2952;2508;2361;1235;3997;885;0;0;1338;1338;0;1313;0;0;0;0;0;0;0;0;0;0;0;0;0;0;0
Intra-family trade;Average price per property (dkk 1000);2014;1225;1552;3927;2689;1341;2026;4179;862;0;0;1347;1347;0;1322;0;0;0;0;0;0;0;0;0;0;0;0;0;0;0
Intra-family trade;Average price per property (dkk 1000);2015;1266;1743;3970;2382;2982;3373;3978;868;0;0;1404;1404;0;1340;0;0;0;0;0;0;0;0;0;0;0;0;0;0;0
Intra-family trade;Average price per property (dkk 1000);2016;1219;1676;7861;2626;2764;1932;3950;888;0;0;1384;1384;0;1369;0;0;0;0;0;0;0;0;0;0;0;0;0;0;0
Intra-family trade;Average price per property (dkk 1000);2017;1267;1937;10760;6808;1677;3068;4095;939;0;0;1442;1442;0;1464;0;0;0;0;0;0;0;0;0;0;0;0;0;0;0
Intra-family trade;Total value of trade (DKK millions);2003;2063.664;0;0;323.52;73.866;61.96;1953.295;803.57;0;0;862.512;862.512;0;6364.962;70.503;14.84;24.06;76.874;1586.3;21.28;117.393;142.785;360.51;652.992;658.614;430.353;228.275;27.048;10.152
Intra-family trade;Total value of trade (DKK millions);2004;2465.01;0;0;239.168;211.242;13.923;2113.056;1002.868;0;0;1056.456;1056.456;0;7353;51.528;20.064;41.722;102.41;1616.848;17.365;154.813;156.75;379.692;634.618;769.452;445.743;323.67;22.24;14.496
Intra-family trade;Total value of trade (DKK millions);2005;2984.55;0;0;322.644;173.548;82.528;2275.956;1304.274;0;0;2259.922;2259.922;0;9804.669;114.68;34.872;62.172;118.23;1694;34.225;153.79;152.736;427.518;600.166;907.92;513.438;394.494;50.451;20.116
Intra-family trade;Total value of trade (DKK millions);2006;3023.592;0;0;254.448;183.92;46.805;1834.04;1287.734;0;0;2110.583;2110.583;0;9162.324;106.68;28.672;86.92;133.9;1353.496;23.996;141.4;128.85;227.032;430.791;881.932;566.72;315.288;45.936;18.618
Intra-family trade;Total value of trade (DKK millions);2007;3215.646;0;0;472.91;107.242;42.025;3927.485;1388.662;0;0;1591.554;1591.554;0;11062.062;71.224;34.408;56.012;102.662;2766.632;24.192;213.328;139.564;562.464;1075.394;1912.169;989.115;923.012;39.072;16.33
Intra-family trade;Total value of trade (DKK millions);2008;3079.368;0;0;515.168;149.058;22.092;2220.24;1305.3;0;0;1199.9;1199.9;0;8882.8;56.304;32.395;127.169;104.373;1677.923;21.12;156.216;155.916;346.458;531.036;1009.371;644.382;365.009;48.96;19.86
Intra-family trade;Total value of trade (DKK millions);2009;2261.87;0;0;96.583;36.384;31.416;2504.81;806.205;0;0;579.15;579.15;0;6517.44;47.392;15.048;41.382;56.944;1913.002;6.52;113.87;96.707;338.024;763.236;1186.512;714.852;471.614;27.59;13.572
Intra-family trade;Total value of trade (DKK millions);2010;3079.926;0;0;141.839;12.31;18.342;920.514;870.473;0;0;736.736;736.736;0;5977.6;54.42;2.448;20.608;54.52;586.608;19.008;117.791;81.684;153.264;193.62;355.2;158.058;197.136;42.42;20.1
Intra-family trade;Total value of trade (DKK millions);2011;2991.968;74.872;97.614;175.5;24.089;31.584;1216.605;906.444;0;0;673.48;673.48;0;6237.504;0;0;0;0;0;0;0;0;0;0;0;0;0;0;0
Intra-family trade;Total value of trade (DKK millions);2012;3045.58;67.095;48.32;125.784;55.53;17.262;1205.232;948.607;0;0;691.41;691.41;0;6246.189;0;0;0;0;0;0;0;0;0;0;0;0;0;0;0
Intra-family trade;Total value of trade (DKK millions);2013;2899.971;82.2;23.616;165.528;44.859;8.645;1023.232;891.195;0;0;852.306;852.306;0;6022.731;0;0;0;0;0;0;0;0;0;0;0;0;0;0;0
Intra-family trade;Total value of trade (DKK millions);2014;3464.3;63.632;66.759;193.608;20.115;44.572;1165.941;1077.5;0;0;1310.631;1310.631;0;7445.504;0;0;0;0;0;0;0;0;0;0;0;0;0;0;0
Intra-family trade;Total value of trade (DKK millions);2015;4036.008;123.753;99.25;207.234;50.694;53.968;1113.84;1257.732;0;0;2111.616;2111.616;0;9118.7;0;0;0;0;0;0;0;0;0;0;0;0;0;0;0
Intra-family trade;Total value of trade (DKK millions);2016;3927.618;100.56;290.857;220.584;38.696;30.912;1161.3;1023.864;0;0;2262.84;2262.84;0;9101.112;0;0;0;0;0;0;0;0;0;0;0;0;0;0;0
Intra-family trade;Total value of trade (DKK millions);2017;4762.653;118.157;398.12;578.68;38.571;33.748;1232.595;1249.809;0;0;2921.492;2921.492;0;11375.28;0;0;0;0;0;0;0;0;0;0;0;0;0;0;0
Intra-family trade;Purchase sum per hectare/m2;2003;0;0;0;0;0;0;84060;0;0;0;0;0;0;0;0;0;0;0;83114;212091;146335;119545;90812;79245;73727;75694;70285;123;27
Intra-family trade;Purchase sum per hectare/m2;2004;0;0;0;0;0;0;88359;0;0;0;0;0;0;0;0;0;0;0;86008;208520;162789;115026;88788;88389;76505;74545;79378;132;26
Intra-family trade;Purchase sum per hectare/m2;2005;0;0;0;0;0;0;88832;0;0;0;0;0;0;0;0;0;0;0;88263;237033;157123;109207;97543;84960;77887;80917;74268;185;35
Intra-family trade;Purchase sum per hectare/m2;2006;0;0;0;0;0;0;101167;0;0;0;0;0;0;0;0;0;0;0;97314;249998;187058;139482;95811;90413;95669;96887;93556;175;44
Intra-family trade;Purchase sum per hectare/m2;2007;0;0;0;0;0;0;119148;0;0;0;0;0;0;0;0;0;0;0;120341;229781;213397;150103;134776;118207;108313;112546;104116;248;50
Intra-family trade;Purchase sum per hectare/m2;2008;0;0;0;0;0;0;150613;0;0;0;0;0;0;0;0;0;0;0;147581;321620;217864;178772;140547;132666;152523;159955;140961;286;56
Intra-family trade;Purchase sum per hectare/m2;2009;0;0;0;0;0;0;157307;0;0;0;0;0;0;0;0;0;0;0;167202;354555;253828;181771;160707;164962;144796;171097;117432;292;53
Intra-family trade;Purchase sum per hectare/m2;2010;0;0;0;0;0;0;142589;0;0;0;0;0;0;0;0;0;0;0;143446;417261;254668;188942;157093;146664;110311;116097;106072;294;74
Intra-family trade;Purchase sum per hectare/m2;2011;0;0;0;0;0;0;138503;0;0;0;0;0;0;0;0;0;0;0;0;0;0;0;0;0;0;0;0;0;0
Intra-family trade;Purchase sum per hectare/m2;2012;0;0;0;0;0;0;152732;0;0;0;0;0;0;0;0;0;0;0;0;0;0;0;0;0;0;0;0;0;0
Intra-family trade;Purchase sum per hectare/m2;2013;0;0;0;0;0;0;143072;0;0;0;0;0;0;0;0;0;0;0;0;0;0;0;0;0;0;0;0;0;0
Intra-family trade;Purchase sum per hectare/m2;2014;0;0;0;0;0;0;134704;0;0;0;0;0;0;0;0;0;0;0;0;0;0;0;0;0;0;0;0;0;0
Intra-family trade;Purchase sum per hectare/m2;2015;0;0;0;0;0;0;138824;0;0;0;0;0;0;0;0;0;0;0;0;0;0;0;0;0;0;0;0;0;0
Intra-family trade;Purchase sum per hectare/m2;2016;0;0;0;0;0;0;139075;0;0;0;0;0;0;0;0;0;0;0;0;0;0;0;0;0;0;0;0;0;0
Intra-family trade;Purchase sum per hectare/m2;2017;0;0;0;0;0;0;150747;0;0;0;0;0;0;0;0;0;0;0;0;0;0;0;0;0;0;0;0;0;0
Intra-family trade;Purchase sum in percent of taxable value;2003;895;0;0;973;829;932;894;889;0;0;945;945;0;904;867;935;974;877;886;935;907;964;919;874;885;854;950;1061;975
Intra-family trade;Purchase sum in percent of taxable value;2004;894;0;0;918;1007;838;901;860;0;0;917;917;0;899;795;700;1208;963;902;860;937;973;903;930;858;843;881;1029;879
Intra-family trade;Purchase sum in percent of taxable value;2005;921;0;0;879;822;925;783;892;0;0;929;929;0;877;923;887;883;715;800;856;846;831;862;800;722;746;693;1030;938
Intra-family trade;Purchase sum in percent of taxable value;2006;858;0;0;685;782;848;685;732;0;0;792;792;0;754;793;714;515;327;692;747;765;761;739;700;645;657;624;581;561
Intra-family trade;Purchase sum in percent of taxable value;2007;960;0;0;799;908;877;783;882;0;0;897;897;0;859;860;854;846;650;792;771;893;826;830;762;769;800;738;937;856
Intra-family trade;Purchase sum in percent of taxable value;2008;810;0;0;837;812;854;693;827;0;0;841;841;0;784;710;710;895;692;687;731;726;733;653;650;721;731;704;874;920
Intra-family trade;Purchase sum in percent of taxable value;2009;928;0;0;837;838;892;732;918;0;0;1079;1079;0;845;741;1017;858;743;758;818;812;742;691;753;723;802;629;939;990
Intra-family trade;Purchase sum in percent of taxable value;2010;778;0;0;826;770;863;834;799;0;0;916;916;0;806;676;615;735;731;831;1016;871;836;854;933;762;715;805;994;985
Intra-family trade;Purchase sum in percent of taxable value;2011;758;628;791;800;819;810;765;806;0;0;905;905;0;781;0;0;0;0;0;0;0;0;0;0;0;0;0;0;0
Intra-family trade;Purchase sum in percent of taxable value;2012;734;696;690;843;526;971;830;795;0;0;853;853;0;772;0;0;0;0;0;0;0;0;0;0;0;0;0;0;0
Intra-family trade;Purchase sum in percent of taxable value;2013;724;683;865;804;957;576;772;761;0;0;886;886;0;761;0;0;0;0;0;0;0;0;0;0;0;0;0;0;0
Intra-family trade;Purchase sum in percent of taxable value;2014;763;642;792;770;808;838;746;786;0;0;918;918;0;787;0;0;0;0;0;0;0;0;0;0;0;0;0;0;0
Intra-family trade;Purchase sum in percent of taxable value;2015;799;689;792;779;821;870;795;766;0;0;997;997;0;831;0;0;0;0;0;0;0;0;0;0;0;0;0;0;0
Intra-family trade;Purchase sum in percent of taxable value;2016;778;674;808;802;733;783;777;778;0;0;1024;1024;0;828;0;0;0;0;0;0;0;0;0;0;0;0;0;0;0
Intra-family trade;Purchase sum in percent of taxable value;2017;790;730;891;984;847;834;813;798;0;0;1057;1057;0;861;0;0;0;0;0;0;0;0;0;0;0;0;0;0;0
Intra-family trade;Estimated number of sales;2003;3802;0;0;228;54;30;1205;2205;0;59;1276;1335;959;10494;116;24;40;31;892;78;171;147;309;288;212;148;64;324;141
Intra-family trade;Estimated number of sales;2004;4210;0;0;219;66;31;1206;2292;0;111;1447;1558;1080;11426;129;33;36;32;853;73;221;162;297;266;187;128;59;324;210
Intra-family trade;Estimated number of sales;2005;4631;0;0;238;64;50;1356;2673;0;172;2655;2827;1242;14007;178;36;52;30;958;92;210;161;329;309;255;159;96;426;204
Intra-family trade;Estimated number of sales;2006;4048;0;0;215;66;33;1168;2248;0;92;2238;2330;1190;12107;153;24;59;33;848;82;186;126;281;301;192;140;52;378;162
Intra-family trade;Estimated number of sales;2007;4143;0;0;209;58;36;1435;1960;0;119;1649;1768;1212;11547;134;28;38;23;990;86;221;118;307;348;355;217;138;338;165
Intra-family trade;Estimated number of sales;2008;3788;0;0;212;57;24;974;1783;0;48;1230;1278;1023;9789;114;26;49;13;644;82;189;117;215;202;169;110;59;300;148
Intra-family trade;Estimated number of sales;2009;2834;0;0;103;20;17;834;1264;0;26;592;618;755;6808;74;17;21;10;635;19;105;82;184;232;212;137;75;167;74
Intra-family trade;Estimated number of sales;2010;3788;0;0;121;19;18;463;1476;0;47;801;848;863;8082;73;15;23;18;301;19;114;66;106;80;78;49;29;230;127
Intra-family trade;Estimated number of sales;2011;3800;101;37;123;29;21;542;1584;285;47;766;813;830;8165;0;0;0;0;0;0;0;0;0;0;0;0;0;0;0
Intra-family trade;Estimated number of sales;2012;3971;97;43;115;28;14;462;1661;241;55;761;816;794;8242;0;0;0;0;0;0;0;0;0;0;0;0;0;0;0
Intra-family trade;Estimated number of sales;2013;3713;98;42;118;26;12;498;1591;200;51;866;917;677;7892;0;0;0;0;0;0;0;0;0;0;0;0;0;0;0
Intra-family trade;Estimated number of sales;2014;4281;90;40;121;21;28;596;2008;299;62;1224;1286;838;9608;0;0;0;0;0;0;0;0;0;0;0;0;0;0;0
Intra-family trade;Estimated number of sales;2015;4638;127;52;135;22;32;617;2207;301;83;1797;1880;908;10919;0;0;0;0;0;0;0;0;0;0;0;0;0;0;0
Intra-family trade;Estimated number of sales;2016;4595;111;57;153;30;27;606;1922;275;108;1930;2038;878;10692;0;0;0;0;0;0;0;0;0;0;0;0;0;0;0
Intra-family trade;Estimated number of sales;2017;4918;113;69;142;33;20;602;1943;270;87;2356;2443;887;11440;0;0;0;0;0;0;0;0;0;0;0;0;0;0;0
Other Trade;Number of sales in the price calculation;2003;909;0;0;186;208;119;56;128;0;0;136;136;0;1877;31;5;30;12;30;4;22;9;8;11;2;2;0;43;14
Other Trade;Number of sales in the price calculation;2004;1074;0;0;195;166;160;32;118;0;0;121;121;0;1991;14;5;44;17;17;1;14;4;9;3;1;1;0;39;6
Other Trade;Number of sales in the price calculation;2005;1049;0;0;192;157;143;36;144;0;0;159;159;0;2035;22;8;55;14;12;6;16;4;3;2;5;3;2;44;12
Other Trade;Number of sales in the price calculation;2006;800;0;0;162;118;120;20;86;0;0;126;126;0;1574;20;9;39;26;9;0;10;3;4;2;1;0;1;34;14
Other Trade;Number of sales in the price calculation;2007;748;0;0;146;122;148;14;102;0;0;83;83;0;1504;17;3;59;27;5;0;8;4;1;0;1;0;1;30;5
Other Trade;Number of sales in the price calculation;2008;806;0;0;180;159;159;26;118;0;0;112;112;0;1683;11;2;45;12;13;0;11;5;3;2;5;3;2;42;11
Other Trade;Number of sales in the price calculation;2009;1050;0;0;136;117;103;19;95;0;0;151;151;0;1801;21;5;38;16;8;1;9;0;2;2;5;4;1;38;12
Other Trade;Number of sales in the price calculation;2010;1211;0;0;71;83;96;20;125;0;0;125;125;0;1848;14;3;25;15;10;1;9;3;5;1;1;1;0;46;14
Other Trade;Number of sales in the price calculation;2011;957;11;62;117;92;91;27;94;0;0;104;104;0;1579;0;0;0;0;0;0;0;0;0;0;0;0;0;0;0
Other Trade;Number of sales in the price calculation;2012;963;11;88;107;67;89;28;89;0;0;111;111;0;1583;0;0;0;0;0;0;0;0;0;0;0;0;0;0;0
Other Trade;Number of sales in the price calculation;2013;1040;17;30;70;52;57;27;107;0;0;103;103;0;1535;0;0;0;0;0;0;0;0;0;0;0;0;0;0;0
Other Trade;Number of sales in the price calculation;2014;1332;20;20;92;99;81;32;125;0;0;182;182;0;2018;0;0;0;0;0;0;0;0;0;0;0;0;0;0;0
Other Trade;Number of sales in the price calculation;2015;1424;35;65;132;141;89;36;151;0;0;211;211;0;2334;0;0;0;0;0;0;0;0;0;0;0;0;0;0;0
Other Trade;Number of sales in the price calculation;2016;1065;16;51;122;119;112;43;132;0;0;134;134;0;1834;0;0;0;0;0;0;0;0;0;0;0;0;0;0;0
Other Trade;Number of sales in the price calculation;2017;933;25;44;138;123;106;45;101;0;0;111;111;0;1683;0;0;0;0;0;0;0;0;0;0;0;0;0;0;0
Other Trade;Average price per property (dkk 1000);2003;752;0;0;5195;36623;13865;2394;550;0;0;759;759;0;6136;764;1218;2529;14728;3547;763;1119;1856;2150;4587;11027;11027;0;137;328
Other Trade;Average price per property (dkk 1000);2004;768;0;0;3588;6127;6772;1845;617;0;0;958;958;0;2069;810;1163;2132;7420;2488;500;1159;1790;1802;4930;4138;4138;0;179;444
Other Trade;Average price per property (dkk 1000);2005;899;0;0;3767;6297;6378;2502;754;0;0;1162;1162;0;2153;739;1312;2759;16490;4060;941;1069;2501;3669;4596;7425;6172;9305;387;491
Other Trade;Average price per property (dkk 1000);2006;1074;0;0;4980;10325;5788;2761;865;0;0;1316;1316;0;2884;1426;2671;3780;17153;2721;0;1753;1015;2797;5129;13197;0;13197;328;539
Other Trade;Average price per property (dkk 1000);2007;1082;0;0;4896;8522;8724;2680;987;0;0;1383;1383;0;3325;1630;3820;3166;23903;2955;0;1105;2075;6477;0;13900;0;13900;363;2129
Other Trade;Average price per property (dkk 1000);2008;1223;0;0;4114;9686;9392;5529;1051;0;0;1304;1304;0;3334;1591;2267;3282;20451;5928;0;1754;2596;6558;8873;14812;8887;23700;462;323
Other Trade;Average price per property (dkk 1000);2009;1194;0;0;5123;13240;7452;5968;1245;0;0;1213;1213;0;2823;1945;1786;3362;12390;10247;500;1769;0;2925;4852;16284;16605;15000;583;386
Other Trade;Average price per property (dkk 1000);2010;1125;0;0;4239;10673;10787;2609;918;0;0;1325;1325;0;2313;1712;1411;3126;14176;3423;1000;1884;1546;2773;7347;8378;8378;0;509;1075
Other Trade;Average price per property (dkk 1000);2011;1160;1316;6662;5462;7117;18466;4298;814;0;0;1157;1157;0;3063;0;0;0;0;0;0;0;0;0;0;0;0;0;0;0
Other Trade;Average price per property (dkk 1000);2012;1039;1635;12223;7328;8782;7830;3294;785;0;0;1128;1128;0;2817;0;0;0;0;0;0;0;0;0;0;0;0;0;0;0
Other Trade;Average price per property (dkk 1000);2013;1067;925;6321;4292;7985;8457;2865;821;0;0;1249;1249;0;1838;0;0;0;0;0;0;0;0;0;0;0;0;0;0;0
Other Trade;Average price per property (dkk 1000);2014;1075;2513;7069;4988;16753;10425;2830;787;0;0;1270;1270;0;2488;0;0;0;0;0;0;0;0;0;0;0;0;0;0;0
Other Trade;Average price per property (dkk 1000);2015;1093;1618;6511;4023;8113;10674;2362;915;0;0;1396;1396;0;2233;0;0;0;0;0;0;0;0;0;0;0;0;0;0;0
Other Trade;Average price per property (dkk 1000);2016;1107;1332;10613;7093;15644;15190;2773;876;0;0;1543;1543;0;3619;0;0;0;0;0;0;0;0;0;0;0;0;0;0;0
Other Trade;Average price per property (dkk 1000);2017;1165;2037;9623;5555;20697;10768;2713;849;0;0;1511;1511;0;3811;0;0;0;0;0;0;0;0;0;0;0;0;0;0;0
Other Trade;Total value of trade (DKK millions);2003;683.568;0;0;966.27;7617.584;1649.935;134.064;70.4;0;0;103.224;103.224;0;11517.272;23.684;6.09;75.87;176.736;106.41;3.052;24.618;16.704;17.2;50.457;22.054;22.054;0;5.891;4.592
Other Trade;Total value of trade (DKK millions);2004;824.832;0;0;699.66;1017.082;1083.52;59.04;72.806;0;0;115.918;115.918;0;4119.379;11.34;5.815;93.808;126.14;42.296;0.5;16.226;7.16;16.218;14.79;4.138;4.138;0;6.981;2.664
Other Trade;Total value of trade (DKK millions);2005;943.051;0;0;723.264;988.629;912.054;90.072;108.576;0;0;184.758;184.758;0;4381.355;16.258;10.496;151.745;230.86;48.72;5.646;17.104;10.004;11.007;9.192;37.125;18.516;18.61;17.028;5.892
Other Trade;Total value of trade (DKK millions);2006;859.2;0;0;806.76;1218.35;694.56;55.22;74.39;0;0;165.816;165.816;0;4539.416;28.52;24.039;147.42;445.978;24.489;0;17.53;3.045;11.188;10.258;13.197;0;13.197;11.152;7.546
Other Trade;Total value of trade (DKK millions);2007;809.336;0;0;714.816;1039.684;1291.152;37.52;100.674;0;0;114.789;114.789;0;5000.8;27.71;11.46;186.794;645.381;14.775;0;8.84;8.3;6.477;0;13.9;0;13.9;10.89;10.645
Other Trade;Total value of trade (DKK millions);2008;985.738;0;0;740.52;1540.074;1493.328;143.754;124.018;0;0;146.048;146.048;0;5611.122;17.501;4.534;147.69;245.412;77.064;0;19.294;12.98;19.674;17.746;74.06;26.661;47.4;19.404;3.553
Other Trade;Total value of trade (DKK millions);2009;1253.7;0;0;696.728;1549.08;767.556;113.392;118.275;0;0;183.163;183.163;0;5084.223;40.845;8.93;127.756;198.24;81.976;0.5;15.921;0;5.85;9.704;81.42;66.42;15;22.154;4.632
Other Trade;Total value of trade (DKK millions);2010;1362.375;0;0;300.969;885.859;1035.552;52.18;114.75;0;0;165.625;165.625;0;4274.424;23.968;4.233;78.15;212.64;34.23;1;16.956;4.638;13.865;7.347;8.378;8.378;0;23.414;15.05
Other Trade;Total value of trade (DKK millions);2011;1110.12;14.476;413.044;639.054;654.764;1680.406;116.046;76.516;0;0;120.328;120.328;0;4836.477;0;0;0;0;0;0;0;0;0;0;0;0;0;0;0
Other Trade;Total value of trade (DKK millions);2012;1000.557;17.985;1075.624;784.096;588.394;696.87;92.232;69.865;0;0;125.208;125.208;0;4459.311;0;0;0;0;0;0;0;0;0;0;0;0;0;0;0
Other Trade;Total value of trade (DKK millions);2013;1109.68;15.725;189.63;300.44;415.22;482.049;77.355;87.847;0;0;128.647;128.647;0;2821.33;0;0;0;0;0;0;0;0;0;0;0;0;0;0;0
Other Trade;Total value of trade (DKK millions);2014;1431.9;50.26;141.38;458.896;1658.547;844.425;90.56;98.375;0;0;231.14;231.14;0;5020.784;0;0;0;0;0;0;0;0;0;0;0;0;0;0;0
Other Trade;Total value of trade (DKK millions);2015;1556.432;56.63;423.215;531.036;1143.933;949.986;85.032;138.165;0;0;294.556;294.556;0;5211.822;0;0;0;0;0;0;0;0;0;0;0;0;0;0;0
Other Trade;Total value of trade (DKK millions);2016;1178.955;21.312;541.263;865.346;1861.636;1701.28;119.239;115.632;0;0;206.762;206.762;0;6637.246;0;0;0;0;0;0;0;0;0;0;0;0;0;0;0
Other Trade;Total value of trade (DKK millions);2017;1086.945;50.925;423.412;766.59;2545.731;1141.408;122.085;85.749;0;0;167.721;167.721;0;6413.913;0;0;0;0;0;0;0;0;0;0;0;0;0;0;0
Other Trade;Purchase sum per hectare/m2;2003;0;0;0;0;0;0;117276;0;0;0;0;0;0;0;0;0;0;0;109306;216323;158140;150537;88719;95820;155142;155142;0;125;69
Other Trade;Purchase sum per hectare/m2;2004;0;0;0;0;0;0;115816;0;0;0;0;0;0;0;0;0;0;0;103253;123515;169137;155576;91996;117878;66794;66794;0;168;89
Other Trade;Purchase sum per hectare/m2;2005;0;0;0;0;0;0;115962;0;0;0;0;0;0;0;0;0;0;0;114962;271375;143691;217208;143234;114168;85632;84023;87295;370;148
Other Trade;Purchase sum per hectare/m2;2006;0;0;0;0;0;0;133911;0;0;0;0;0;0;0;0;0;0;0;105429;0;251209;71783;119240;106803;119702;0;119702;318;81
Other Trade;Purchase sum per hectare/m2;2007;0;0;0;0;0;0;154944;0;0;0;0;0;0;0;0;0;0;0;205638;0;162949;152174;373946;0;119804;0;119804;351;437
Other Trade;Purchase sum per hectare/m2;2008;0;0;0;0;0;0;160647;0;0;0;0;0;0;0;0;0;0;0;188161;0;225693;196400;272701;266037;122531;130303;118554;491;47
Other Trade;Purchase sum per hectare/m2;2009;0;0;0;0;0;0;188854;0;0;0;0;0;0;0;0;0;0;0;192029;124508;244964;0;128439;138643;195772;213334;143473;654;58
Other Trade;Purchase sum per hectare/m2;2010;0;0;0;0;0;0;156799;0;0;0;0;0;0;0;0;0;0;0;128278;249426;273576;125607;132211;214171;92345;92345;0;501;183
Other Trade;Purchase sum per hectare/m2;2011;0;0;0;0;0;0;169586;0;0;0;0;0;0;0;0;0;0;0;0;0;0;0;0;0;0;0;0;0;0
Other Trade;Purchase sum per hectare/m2;2012;0;0;0;0;0;0;164854;0;0;0;0;0;0;0;0;0;0;0;0;0;0;0;0;0;0;0;0;0;0
Other Trade;Purchase sum per hectare/m2;2013;0;0;0;0;0;0;192540;0;0;0;0;0;0;0;0;0;0;0;0;0;0;0;0;0;0;0;0;0;0
Other Trade;Purchase sum per hectare/m2;2014;0;0;0;0;0;0;121454;0;0;0;0;0;0;0;0;0;0;0;0;0;0;0;0;0;0;0;0;0;0
Other Trade;Purchase sum per hectare/m2;2015;0;0;0;0;0;0;152402;0;0;0;0;0;0;0;0;0;0;0;0;0;0;0;0;0;0;0;0;0;0
Other Trade;Purchase sum per hectare/m2;2016;0;0;0;0;0;0;142839;0;0;0;0;0;0;0;0;0;0;0;0;0;0;0;0;0;0;0;0;0;0
Other Trade;Purchase sum per hectare/m2;2017;0;0;0;0;0;0;147335;0;0;0;0;0;0;0;0;0;0;0;0;0;0;0;0;0;0;0;0;0;0
Other Trade;Purchase sum in percent of taxable value;2003;771;0;0;1038;1073;1105;1032;917;0;0;875;875;0;1051;807;1115;1396;1405;1053;930;962;961;869;1053;1383;1383;0;1132;976
Other Trade;Purchase sum in percent of taxable value;2004;753;0;0;1215;1110;974;893;870;0;0;845;845;0;990;693;956;1349;1683;911;610;863;1127;836;1041;637;637;0;1003;1346
Other Trade;Purchase sum in percent of taxable value;2005;800;0;0;1025;1090;1009;966;1033;0;0;1013;1013;0;995;561;1392;1448;1350;1115;1090;747;1361;1135;892;982;1132;868;1382;1059
Other Trade;Purchase sum in percent of taxable value;2006;780;0;0;925;997;893;726;765;0;0;931;931;0;876;888;1238;1003;701;667;0;869;451;799;643;687;0;687;797;1059
Other Trade;Purchase sum in percent of taxable value;2007;838;0;0;1119;1136;1212;841;829;0;0;906;906;0;1044;975;913;1213;925;972;0;736;787;1393;0;799;0;799;1058;1057
Other Trade;Purchase sum in percent of taxable value;2008;718;0;0;992;982;961;717;808;0;0;790;790;0;909;702;567;998;1247;1125;0;704;801;1064;1295;594;1326;454;1270;1177
Other Trade;Purchase sum in percent of taxable value;2009;786;0;0;934;1137;982;750;890;0;0;828;828;0;949;829;847;1132;1159;880;549;677;0;669;653;790;954;448;1206;1406
Other Trade;Purchase sum in percent of taxable value;2010;698;0;0;1111;1188;1067;695;738;0;0;803;803;0;906;660;822;1012;1122;662;556;785;614;716;782;544;544;0;1139;1220
Other Trade;Purchase sum in percent of taxable value;2011;702;614;979;1233;1195;975;901;758;0;0;730;730;0;926;0;0;0;0;0;0;0;0;0;0;0;0;0;0;0
Other Trade;Purchase sum in percent of taxable value;2012;657;801;908;1106;995;1167;638;670;0;0;667;667;0;879;0;0;0;0;0;0;0;0;0;0;0;0;0;0;0
Other Trade;Purchase sum in percent of taxable value;2013;650;598;989;1017;1108;1244;777;746;0;0;751;751;0;833;0;0;0;0;0;0;0;0;0;0;0;0;0;0;0
Other Trade;Purchase sum in percent of taxable value;2014;674;704;1080;998;1203;1265;761;692;0;0;771;771;0;928;0;0;0;0;0;0;0;0;0;0;0;0;0;0;0
Other Trade;Purchase sum in percent of taxable value;2015;695;705;1173;1031;1086;1013;750;779;0;0;842;842;0;890;0;0;0;0;0;0;0;0;0;0;0;0;0;0;0
Other Trade;Purchase sum in percent of taxable value;2016;691;690;1393;1257;1167;903;777;710;0;0;911;911;0;968;0;0;0;0;0;0;0;0;0;0;0;0;0;0;0
Other Trade;Purchase sum in percent of taxable value;2017;722;837;1553;1229;1086;1039;742;748;0;0;959;959;0;1006;0;0;0;0;0;0;0;0;0;0;0;0;0;0;0
Other Trade;Estimated number of sales;2003;2565;0;0;257;262;163;152;359;0;127;464;591;959;5837;85;23;38;18;65;34;52;16;24;18;8;7;1;248;117
Other Trade;Estimated number of sales;2004;2980;0;0;279;202;198;143;290;0;82;441;523;763;5851;89;31;60;28;69;24;43;18;29;13;16;9;7;184;81
Other Trade;Estimated number of sales;2005;2848;0;0;267;207;191;132;329;0;180;521;701;709;5927;102;33;68;27;48;24;55;12;15;9;17;12;5;209;104
Other Trade;Estimated number of sales;2006;2338;0;0;229;161;156;138;264;0;15;412;427;733;5068;101;37;46;38;57;34;36;15;23;12;18;7;11;250;150
Other Trade;Estimated number of sales;2007;2441;0;0;219;191;203;152;274;0;62;465;527;712;5385;118;30;83;33;78;27;37;24;19;25;20;10;10;271;131
Other Trade;Estimated number of sales;2008;2648;0;0;251;217;211;177;319;0;147;596;743;958;6184;80;27;62;25;80;21;61;15;22;23;35;20;15;324;142
Other Trade;Estimated number of sales;2009;3441;0;0;354;192;180;148;382;0;185;798;983;806;7217;116;49;97;44;82;13;42;13;21;21;38;27;11;298;127
Other Trade;Estimated number of sales;2010;3729;0;0;347;234;384;190;420;0;332;795;1127;2056;9974;137;43;126;81;117;8;52;23;39;36;32;19;13;631;469
Other Trade;Estimated number of sales;2011;3322;178;147;361;248;280;229;363;389;117;656;773;1492;7782;0;0;0;0;0;0;0;0;0;0;0;0;0;0;0
Other Trade;Estimated number of sales;2012;3371;153;158;331;178;183;231;366;268;48;503;551;897;6687;0;0;0;0;0;0;0;0;0;0;0;0;0;0;0
Other Trade;Estimated number of sales;2013;3432;166;116;265;157;152;195;388;256;69;427;496;870;6493;0;0;0;0;0;0;0;0;0;0;0;0;0;0;0
Other Trade;Estimated number of sales;2014;3622;173;190;308;210;178;196;345;297;54;527;581;1071;7171;0;0;0;0;0;0;0;0;0;0;0;0;0;0;0
Other Trade;Estimated number of sales;2015;3515;165;133;303;238;166;230;401;345;50;501;551;976;7023;0;0;0;0;0;0;0;0;0;0;0;0;0;0;0
Other Trade;Estimated number of sales;2016;2886;119;91;282;260;233;260;354;351;51;392;443;980;6259;0;0;0;0;0;0;0;0;0;0;0;0;0;0;0
Other Trade;Estimated number of sales;2017;2543;108;108;270;238;207;315;297;380;55;337;392;1104;5962;0;0;0;0;0;0;0;0;0;0;0;0;0;0;0
Total;Number of sales in the price calculation;2003;50666;0;0;2340;1399;846;3172;12224;0;0;17174;17174;0;93794;947;172;458;225;2071;254;794;487;764;600;273;220;53;3490;681
Total;Number of sales in the price calculation;2004;56319;0;0;2406;1355;1025;3292;13141;0;0;19248;19248;0;104504;898;208;586;238;2169;210;840;537;823;577;305;232;73;4970;818
Total;Number of sales in the price calculation;2005;58805;0;0;2832;1617;1236;3173;12618;0;0;21214;21214;0;109542;1097;254;764;358;2056;255;784;523;761;525;325;247;78;4841;733
Total;Number of sales in the price calculation;2006;51473;0;0;2762;1586;1414;2318;9668;0;0;17424;17424;0;96691;1009;212;741;391;1392;176;690;406;419;345;282;222;60;6826;867
Total;Number of sales in the price calculation;2007;49936;0;0;2476;1520;1250;2717;8177;0;0;14245;14245;0;85597;898;219;681;257;1756;164;694;381;632;503;343;240;103;2797;424
Total;Number of sales in the price calculation;2008;38328;0;0;1772;1162;911;2002;5893;0;0;11717;11717;0;66459;609;134;457;139;1360;99;494;360;478;364;207;158;49;2981;354
Total;Number of sales in the price calculation;2009;32254;0;0;1014;737;489;1342;5480;0;0;9769;9769;0;54436;542;73;267;97;908;63;337;209;317;267;149;115;34;2085;287
Total;Number of sales in the price calculation;2010;38958;0;0;1194;867;657;1489;6648;0;0;10860;10860;0;66945;804;71;291;138;934;71;450;256;348;241;123;89;34;4453;515
Total;Number of sales in the price calculation;2011;32317;667;485;1200;820;620;1658;5480;0;0;9203;9203;0;54483;0;0;0;0;0;0;0;0;0;0;0;0;0;0;0
Total;Number of sales in the price calculation;2012;32440;682;441;1019;727;524;1535;6204;0;0;10361;10361;0;56001;0;0;0;0;0;0;0;0;0;0;0;0;0;0;0
Total;Number of sales in the price calculation;2013;32644;737;393;1043;682;520;1774;6219;0;0;10915;10915;0;57052;0;0;0;0;0;0;0;0;0;0;0;0;0;0;0
Total;Number of sales in the price calculation;2014;36081;843;403;1051;754;560;1794;6883;0;0;13756;13756;0;64554;0;0;0;0;0;0;0;0;0;0;0;0;0;0;0
Total;Number of sales in the price calculation;2015;42901;1014;555;1312;898;689;1882;8080;0;0;17507;17507;0;77747;0;0;0;0;0;0;0;0;0;0;0;0;0;0;0
Total;Number of sales in the price calculation;2016;43268;925;516;1342;863;703;1790;8350;0;0;17203;17203;0;77709;0;0;0;0;0;0;0;0;0;0;0;0;0;0;0
Total;Number of sales in the price calculation;2017;48650;1017;528;1451;914;772;2021;10348;0;0;18203;18203;0;87090;0;0;0;0;0;0;0;0;0;0;0;0;0;0;0
Total;Average price per property (dkk 1000);2003;2794;0;0;10501;45814;23051;7955;1859;0;0;2627;2627;0;8464;2971;3698;5994;30824;9837;2625;3645;5113;6737;12650;26520;24007;26455;489;746
Total;Average price per property (dkk 1000);2004;3015;0;0;9205;20199;13321;7776;2157;0;0;3037;3037;0;4602;3053;3593;6950;29615;9062;2493;3900;5102;6455;13801;20826;18342;24225;576;873
Total;Average price per property (dkk 1000);2005;3395;0;0;10950;19740;15925;9193;2567;0;0;3573;3573;0;5040;3411;4457;8192;40322;11479;3369;4160;6144;9038;14180;27057;22668;39282;878;1161
Total;Average price per property (dkk 1000);2006;3966;0;0;12271;24556;17971;10815;3035;0;0;4173;4173;0;6272;4746;6205;10211;50697;11901;2418;5551;5536;8562;16116;37199;20450;50635;1011;1416
Total;Average price per property (dkk 1000);2007;4168;0;0;13823;21188;21319;12951;3449;0;0;4272;4272;0;7256;4669;7210;9810;58563;14182;2649;5248;7211;14222;13992;42527;24052;53417;1037;3141
Total;Average price per property (dkk 1000);2008;4417;0;0;12928;25080;19637;16667;3603;0;0;4314;4314;0;7200;4570;5687;10270;52564;18448;3144;6038;8290;15024;24966;49361;39107;72417;1285;1324
Total;Average price per property (dkk 1000);2009;4327;0;0;11272;23601;17642;17437;3570;0;0;4105;4105;0;6574;5470;5437;9033;39457;22856;3363;5888;4982;11100;20146;49840;46961;58661;1477;1325
Total;Average price per property (dkk 1000);2010;4163;0;0;10903;22404;19292;11071;3115;0;0;4258;4258;0;5551;5765;3899;7672;35594;12835;3982;5928;6312;9676;20648;34629;29455;37568;1414;2004
Total;Average price per property (dkk 1000);2011;4114;5125;19781;12302;17025;26939;13294;2941;0;0;4028;4028;0;6388;0;0;0;0;0;0;0;0;0;0;0;0;0;0;0
Total;Average price per property (dkk 1000);2012;4019;5352;24391;14044;20683;15511;12255;2859;0;0;4042;4042;0;6095;0;0;0;0;0;0;0;0;0;0;0;0;0;0;0
Total;Average price per property (dkk 1000);2013;4140;5103;19826;13006;19819;14476;10654;2847;0;0;4432;4432;0;5222;0;0;0;0;0;0;0;0;0;0;0;0;0;0;0
Total;Average price per property (dkk 1000);2014;4255;6730;21036;13274;29472;17745;10856;2783;0;0;4562;4562;0;5931;0;0;0;0;0;0;0;0;0;0;0;0;0;0;0
Total;Average price per property (dkk 1000);2015;4441;6085;20701;11828;21453;20125;10391;2943;0;0;4863;4863;0;5793;0;0;0;0;0;0;0;0;0;0;0;0;0;0;0
Total;Average price per property (dkk 1000);2016;4448;5816;27599;14574;28457;23924;10660;2935;0;0;5083;5083;0;7223;0;0;0;0;0;0;0;0;0;0;0;0;0;0;0
Total;Average price per property (dkk 1000);2017;4641;6871;30347;17576;32656;20608;10400;3018;0;0;5322;5322;0;7592;0;0;0;0;0;0;0;0;0;0;0;0;0;0;0
Total;Total value of trade (DKK millions);2003;59470.723;0;0;7838.086;16097.594;6016.111;8841.401;9073.726;0;0;17777.748;17777.748;0;131032.214;1120.017;238.19;1022.826;2591.31;6757.37;268.976;1102.698;831.271;1877.251;2554.263;2207.752;1494.538;713.347;728.653;179.559
Total;Total value of trade (DKK millions);2004;73287.774;0;0;9192.891;10305.469;5956.483;9895.536;11631.423;0;0;22731.337;22731.337;0;150963.613;1170.221;278.695;1694.606;3308.71;7510.08;248.133;1234.917;962.111;2084.085;2708.992;2656.498;1755.031;901.418;1260.139;216.208
Total;Total value of trade (DKK millions);2005;86618.587;0;0;13884.649;14491.896;8387.63;11174.604;13423.89;0;0;29609.968;29609.968;0;189614.172;1555.35;420.992;2708.055;5596.64;8263.416;358.507;1388.198;1087.676;2249.49;2734.078;3358.245;2191.864;1166.389;1385.819;311.92
Total;Total value of trade (DKK millions);2006;87839.232;0;0;14628.152;14831.4;13639.473;9938.266;12145.036;0;0;29383.787;29383.787;0;201315.381;1785.724;378.465;3083.911;9842.783;6957.857;255.024;1547.372;1051.279;1352.222;2089.641;3643.729;2464.77;1179.02;3238.688;534.022
Total;Total value of trade (DKK millions);2007;88881.332;0;0;12879.809;14929.986;13087.555;14258.381;11102.632;0;0;23231.768;23231.768;0;189639.904;1589.387;400.112;2701.606;5206.705;10387.082;264.353;1630.32;1132.614;2676.839;3657.209;4896.075;2920.49;1975.444;1123.752;299.111
Total;Total value of trade (DKK millions);2008;68469.952;0;0;8573.544;12844.54;7911.666;11969.73;7950.763;0;0;19612.168;19612.168;0;144746.362;1067.105;230.724;1606.484;2770.673;9371.397;172.512;1186.636;1162.328;2320.932;3370.509;3756.569;2518.03;1238.577;1505.107;213.023
Total;Total value of trade (DKK millions);2009;55617.509;0;0;4488.639;6470.012;3754.884;7273.496;6755.76;0;0;14931.751;14931.751;0;104508.384;1087.753;140.739;902.668;1711.461;5727.789;95.883;718.632;550.385;1355.833;2064.579;2488.124;1756.998;731.078;1193.216;152.522
Total;Total value of trade (DKK millions);2010;69384.668;0;0;5399.858;9025.169;4623.678;6256.134;8033.663;0;0;18145.398;18145.398;0;128568.09;1780.028;126.745;913.258;1946.505;4555.494;101.092;937.687;628.171;1261.579;1638.837;1689.39;1027.156;662.216;2634.568;272.827
Total;Total value of trade (DKK millions);2011;55136.498;1473.915;3505.72;5427.504;6438.178;5045.977;7146.251;6282.175;0;0;15122.394;15122.394;0;106682.984;0;0;0;0;0;0;0;0;0;0;0;0;0;0;0
Total;Total value of trade (DKK millions);2012;56058.937;1478.556;4206.82;5083.84;6303.796;2946.152;6242.757;6911.708;0;0;17282.298;17282.298;0;107691.661;0;0;0;0;0;0;0;0;0;0;0;0;0;0;0
Total;Total value of trade (DKK millions);2013;58956.511;1795.705;3959.561;6094.81;6248.082;2672.198;6754.459;6803.847;0;0;19753.828;19753.828;0;114320.091;0;0;0;0;0;0;0;0;0;0;0;0;0;0;0
Total;Total value of trade (DKK millions);2014;67301.755;2197.922;3882.779;5617.043;8960.582;3308.355;6961.602;7421.947;0;0;26050.716;26050.716;0;133159.672;0;0;0;0;0;0;0;0;0;0;0;0;0;0;0
Total;Total value of trade (DKK millions);2015;85310.138;2653.775;5274.765;6665.609;8859.547;4553.506;7542.738;8912.697;0;0;34985.068;34985.068;0;166640.282;0;0;0;0;0;0;0;0;0;0;0;0;0;0;0
Total;Total value of trade (DKK millions);2016;87824.255;2505.864;4737.62;6601.21;9236.102;5643.342;7001;9412.611;0;0;35745.306;35745.306;0;170460.703;0;0;0;0;0;0;0;0;0;0;0;0;0;0;0
Total;Total value of trade (DKK millions);2017;102952.82;2866.189;5275.44;7746.834;10480.878;5610.816;7371.28;12302.238;0;0;41149.567;41149.567;0;197674.122;0;0;0;0;0;0;0;0;0;0;0;0;0;0;0
Total;Purchase sum per hectare/m2;2003;0;0;0;0;0;0;201336;0;0;0;0;0;0;0;0;0;0;0;192420;428414;304475;270082;179531;175065;228869;230836;70285;248;96
Total;Purchase sum per hectare/m2;2004;0;0;0;0;0;0;330203;0;0;0;0;0;0;0;0;0;0;0;304853;637630;530359;412478;303736;317515;249449;243074;196441;503;167
Total;Purchase sum per hectare/m2;2005;0;0;0;0;0;0;338194;0;0;0;0;0;0;0;0;0;0;0;329179;839401;510650;478621;369793;319779;276086;283008;263411;801;235
Total;Purchase sum per hectare/m2;2006;0;0;0;0;0;0;395442;0;0;0;0;0;0;0;0;0;0;0;350251;658148;693663;395540;365944;338268;354825;233842;358555;777;206
Total;Purchase sum per hectare/m2;2007;0;0;0;0;0;0;471404;0;0;0;0;0;0;0;0;0;0;0;502452;649921;702301;531135;676960;282181;407813;286248;418609;1083;593
Total;Purchase sum per hectare/m2;2008;0;0;0;0;0;0;540083;0;0;0;0;0;0;0;0;0;0;0;553854;803175;788578;640166;636445;611360;471739;492066;447333;1177;229
Total;Purchase sum per hectare/m2;2009;0;0;0;0;0;0;609366;0;0;0;0;0;0;0;0;0;0;0;614952;963118;845937;464026;541370;560727;583022;629323;498081;1451;207
Total;Purchase sum per hectare/m2;2010;0;0;0;0;0;0;517323;0;0;0;0;0;0;0;0;0;0;0;481727;1100751;820365;538424;500514;558750;413179;428597;285296;1373;330
Total;Purchase sum per hectare/m2;2011;0;0;0;0;0;0;491655;0;0;0;0;0;0;0;0;0;0;0;171610;372554;280370;203273;171920;164170;167537;167484;167637;600;94
Total;Purchase sum per hectare/m2;2012;0;0;0;0;0;0;491614;0;0;0;0;0;0;0;0;0;0;0;0;0;0;0;0;0;0;0;0;0;0
Total;Purchase sum per hectare/m2;2013;0;0;0;0;0;0;498013;0;0;0;0;0;0;0;0;0;0;0;0;0;0;0;0;0;0;0;0;0;0
Total;Purchase sum per hectare/m2;2014;0;0;0;0;0;0;421633;0;0;0;0;0;0;0;0;0;0;0;0;0;0;0;0;0;0;0;0;0;0
Total;Purchase sum per hectare/m2;2015;0;0;0;0;0;0;463978;0;0;0;0;0;0;0;0;0;0;0;0;0;0;0;0;0;0;0;0;0;0
Total;Purchase sum per hectare/m2;2016;0;0;0;0;0;0;456321;0;0;0;0;0;0;0;0;0;0;0;0;0;0;0;0;0;0;0;0;0;0
Total;Purchase sum per hectare/m2;2017;0;0;0;0;0;0;470579;0;0;0;0;0;0;0;0;0;0;0;0;0;0;0;0;0;0;0;0;0;0
Total;Purchase sum in percent of taxable value;2003;1666;0;0;2011;1902;2037;1926;1806;0;0;1820;1820;0;1955;1674;2050;2370;2282;1939;1865;1869;1925;1788;1927;2268;2237;950;2193;1951
Total;Purchase sum in percent of taxable value;2004;2778;0;0;3361;3210;2848;3038;3008;0;0;2978;2978;0;3056;2520;2850;4093;4223;3039;2694;3037;3322;2955;3217;2783;2690;2374;3405;3553
Total;Purchase sum in percent of taxable value;2005;2887;0;0;3328;3136;2952;3035;3281;0;0;3128;3128;0;3087;2478;3388;4115;3996;3198;3220;2890;3449;3258;2972;3026;3211;2861;3909;3466
Total;Purchase sum in percent of taxable value;2006;3007;0;0;3017;3030;2864;2721;3060;0;0;3150;3150;0;3012;2844;3318;3278;2942;2650;2055;2992;2483;2827;2654;2648;1938;2712;2850;3199
Total;Purchase sum in percent of taxable value;2007;3118;0;0;3094;3202;3170;2855;2939;0;0;3049;3049;0;3142;2833;2829;3177;2687;2982;2005;2860;2817;3439;1997;2812;2011;2862;3304;3113
Total;Purchase sum in percent of taxable value;2008;2913;0;0;3199;3121;3059;2814;2917;0;0;2818;2818;0;3015;2455;2435;3174;3050;3223;2135;2861;2947;3100;3365;2705;3485;2481;3516;3020
Total;Purchase sum in percent of taxable value;2009;2749;0;0;2900;3142;3001;2631;2871;0;0;2884;2884;0;2853;2375;2757;3113;3144;2803;2439;2564;1838;2467;2605;2701;2977;2196;3449;3766
Total;Purchase sum in percent of taxable value;2010;2587;0;0;2998;2972;2916;2470;2643;0;0;2830;2830;0;2792;2030;2295;2721;2880;2450;2508;2590;2331;2463;2658;2322;2364;1572;3360;3284
Total;Purchase sum in percent of taxable value;2011;2598;1242;1770;3116;3201;2854;2651;2665;0;0;2814;2814;0;2830;710;835;980;1009;981;1032;1016;961;964;1000;977;983;966;1393;1121
Total;Purchase sum in percent of taxable value;2012;2499;2223;2545;2972;2561;3129;2394;2512;0;0;2699;2699;0;2727;0;0;0;0;0;0;0;0;0;0;0;0;0;0;0
Total;Purchase sum in percent of taxable value;2013;2418;1964;2852;2827;3153;2797;2423;2524;0;0;2745;2745;0;2629;0;0;0;0;0;0;0;0;0;0;0;0;0;0;0
Total;Purchase sum in percent of taxable value;2014;2508;2074;2931;2842;3222;2999;2423;2479;0;0;2891;2891;0;2789;0;0;0;0;0;0;0;0;0;0;0;0;0;0;0
Total;Purchase sum in percent of taxable value;2015;2639;2157;3044;2932;3051;2771;2491;2582;0;0;3188;3188;0;2864;0;0;0;0;0;0;0;0;0;0;0;0;0;0;0
Total;Purchase sum in percent of taxable value;2016;2682;2159;3396;3231;3105;2694;2502;2539;0;0;3418;3418;0;3015;0;0;0;0;0;0;0;0;0;0;0;0;0;0;0
Total;Purchase sum in percent of taxable value;2017;2774;2461;3719;3401;3157;2941;2467;2620;0;0;3623;3623;0;3140;0;0;0;0;0;0;0;0;0;0;0;0;0;0;0
Total;Estimated number of sales;2003;6367;0;0;485;316;193;1357;2564;0;186;1740;1926;1918;16331;201;47;78;49;957;112;223;163;333;306;220;155;65;572;258
Total;Estimated number of sales;2004;58435;0;0;2986;1715;1165;6001;14064;0;1433;19971;21404;11395;130552;1837;335;569;300;3356;1007;1510;857;1294;857;476;348;128;8230;2116
Total;Estimated number of sales;2005;64430;0;0;3208;1794;1347;6392;15505;0;3562;22581;26143;13388;150320;2068;408;747;356;3544;1112;1554;898;1357;911;560;378;182;11950;2584
Total;Estimated number of sales;2006;66274;0;0;3531;2083;1566;6181;14122;0;5035;23030;28065;13800;155467;2254;452;912;500;3497;1072;1476;870;1323;929;511;375;136;12907;2820
Total;Estimated number of sales;2007;59148;0;0;3432;2091;1806;5779;11134;0;1317;20319;21636;13104;137313;1944;448;866;503;3186;1014;1356;694;1151;881;683;460;223;12503;2919
Total;Estimated number of sales;2008;58122;0;0;3157;2086;1613;5162;9726;0;1478;19082;20560;12184;128246;1800;471;819;345;2728;941;1332;697;1013;693;486;325;161;10018;2183
Total;Estimated number of sales;2009;45977;0;0;2300;1483;1181;4613;7066;0;997;14150;15147;10117;98665;1377;338;565;228;2642;772;1052;640;926;726;497;350;147;6691;1582
Total;Estimated number of sales;2010;41793;0;0;1549;1047;910;3227;7250;0;1149;12765;13914;8616;85909;999;199;417;211;2232;116;704;474;741;642;550;375;175;4342;1435
Total;Estimated number of sales;2011;46109;279;184;1815;1313;1139;3713;8071;674;1479;14075;15554;12109;101064;1064;159;351;243;2012;95;603;413;641;589;601;369;232;6601;1686
Total;Estimated number of sales;2012;39542;1342;815;1751;1174;883;3536;6919;4545;1199;12032;13231;10632;84370;0;0;0;0;0;0;0;0;0;0;0;0;0;0;0
Total;Estimated number of sales;2013;39776;1373;645;1545;1078;813;3423;7606;4377;1236;13141;14377;9360;84373;0;0;0;0;0;0;0;0;0;0;0;0;0;0;0
Total;Estimated number of sales;2014;40923;1316;721;1607;1080;846;3727;8057;4501;1181;14321;15502;9698;87978;0;0;0;0;0;0;0;0;0;0;0;0;0;0;0
Total;Estimated number of sales;2015;44288;1452;684;1665;1151;860;3868;8671;4992;1251;17535;18786;10268;96685;0;0;0;0;0;0;0;0;0;0;0;0;0;0;0
Total;Estimated number of sales;2016;50602;1614;882;1868;1307;1036;4035;9363;5852;1484;21062;22546;12227;111332;0;0;0;0;0;0;0;0;0;0;0;0;0;0;0
Total;Estimated number of sales;2017;51535;1583;742;1924;1310;1015;4023;10018;5729;1302;21138;22440;12853;113172;0;0;0;0;0;0;0;0;0;0;0;0;0;0;0