"","obsTime","Values","geo","Country"
"1","1959",16.2974026051918,"CH","Switzerland"
"2","1960",16.7122883925732,"CH","Switzerland"
"3","1961",17.2535193831778,"CH","Switzerland"
"4","1962",18.1115800967879,"CH","Switzerland"
"5","1963",18.8677980596705,"CH","Switzerland"
"6","1964",20.0539868837628,"CH","Switzerland"
"7","1965",21.1553175415891,"CH","Switzerland"
"8","1966",22.8791202687171,"CH","Switzerland"
"9","1967",25.0628944057519,"CH","Switzerland"
"10","1968",27.0018660389342,"CH","Switzerland"
"11","1969",28.6338724525489,"CH","Switzerland"
"12","1970",30.4990191153988,"CH","Switzerland"
"13","1971",33.10633168024,"CH","Switzerland"
"14","1972",35.8923955871394,"CH","Switzerland"
"15","1973",38.2510295365323,"CH","Switzerland"
"16","1974",41.1536574008075,"CH","Switzerland"
"17","1975",45.1870367508584,"CH","Switzerland"
"18","1976",47.1493267260336,"CH","Switzerland"
"19","1977",47.7242185233238,"CH","Switzerland"
"20","1978",47.8740146642034,"CH","Switzerland"
"21","1979",47.8501135178417,"CH","Switzerland"
"22","1980",48.3758554800322,"CH","Switzerland"
"23","1981",50.4947348131473,"CH","Switzerland"
"24","1982",55.2184116493774,"CH","Switzerland"
"25","1983",58.2555086061221,"CH","Switzerland"
"26","1984",59.7068415976911,"CH","Switzerland"
"27","1985",61.601626659782,"CH","Switzerland"
"28","1986",63.8899307027349,"CH","Switzerland"
"29","1987",65.8307528405764,"CH","Switzerland"
"30","1988",67.6967246605597,"CH","Switzerland"
"31","1989",70.1970563149083,"CH","Switzerland"
"32","1990",76.2634273776843,"CH","Switzerland"
"33","1991",83.8301182588171,"CH","Switzerland"
"34","1992",89.6277445013805,"CH","Switzerland"
"35","1993",94.2317787991252,"CH","Switzerland"
"36","1994",94.8313180091763,"CH","Switzerland"
"37","1995",95.8949976167737,"CH","Switzerland"
"38","1996",97.1994533497951,"CH","Switzerland"
"39","1997",97.7720256091405,"CH","Switzerland"
"40","1998",97.8402767452108,"CH","Switzerland"
"41","1999",98.509534261127,"CH","Switzerland"
"42","2000",100,"CH","Switzerland"
"43","2001",102.738410776473,"CH","Switzerland"
"44","2002",103.78598542151,"CH","Switzerland"
"45","2003",104.083805478437,"CH","Switzerland"
"46","2004",105.292947573708,"CH","Switzerland"
"47","2005",106.729001656299,"CH","Switzerland"
"48","2006",108.710648718372,"CH","Switzerland"
"49","2007",111.215813402633,"CH","Switzerland"
"50","2008",113.843810405168,"CH","Switzerland"
"51","2009",116.68011469569,"CH","Switzerland"
"52","2010",117.979965488221,"CH","Switzerland"
"53","2011",119.531377337084,"CH","Switzerland"
"54","2012",120.317105325777,"CH","Switzerland"
"55","2013",120.869926274101,"CH","Switzerland"
"56","2014",122.318078342922,"CH","Switzerland"
"57","2015",123.291582489341,"CH","Switzerland"
"58","2016",123.682040756743,"CH","Switzerland"
"59","2017",124.99778075157,"CH","Switzerland"
"60","2018",125.452726678377,"CH","Switzerland"
"61","1989",25.4332195082268,"GR","Greece"
"62","1990",30.2439865911782,"GR","Greece"
"63","1991",39.1843249940978,"GR","Greece"
"64","1992",46.86832220632,"GR","Greece"
"65","1993",57.0073120666958,"GR","Greece"
"66","1994",65.4367190087255,"GR","Greece"
"67","1995",73.0311904498291,"GR","Greece"
"68","1996",80.4898907340382,"GR","Greece"
"69","1997",86.5340641294802,"GR","Greece"
"70","1998",92.080739394135,"GR","Greece"
"71","1999",96.2413216007579,"GR","Greece"
"72","2000",100,"GR","Greece"
"73","2001",103.957533558078,"GR","Greece"
"74","2002",109.098628784286,"GR","Greece"
"75","2003",114.783766182344,"GR","Greece"
"76","2004",120.903539391524,"GR","Greece"
"77","2005",126.028805887487,"GR","Greece"
"78","2006",131.530190231718,"GR","Greece"
"79","2007",137.5140414169,"GR","Greece"
"80","2008",142.859170546209,"GR","Greece"
"81","2009",148.030279089364,"GR","Greece"
"82","2010",151.649273023767,"GR","Greece"
"83","2011",152.915725389357,"GR","Greece"
"84","2012",149.735108154472,"GR","Greece"
"85","2013",139.57282318166,"GR","Greece"
"86","2014",128.867940050709,"GR","Greece"
"87","2015",123.156828879388,"GR","Greece"
"88","2016",119.94014824879,"GR","Greece"
"89","2017",117.27507469769,"GR","Greece"
"90","2018",113.506300518266,"GR","Greece"
"91","1995",33.8999999292336,"PL","Poland"
"92","1996",44.1166682703989,"PL","Poland"
"93","1997",56.2999967800734,"PL","Poland"
"94","1998",69.8500042270299,"PL","Poland"
"95","1999",83.7166673918123,"PL","Poland"
"96","2000",100,"PL","Poland"
"97","2001",113.59999809328,"PL","Poland"
"98","2002",123.000001448733,"PL","Poland"
"99","2003",128.933335507991,"PL","Poland"
"100","2004",133.433330203758,"PL","Poland"
"101","2005",138.116669111599,"PL","Poland"
"102","2006",142.636506780563,"PL","Poland"
"103","2007",150.421434187106,"PL","Poland"
"104","2008",158.705543690222,"PL","Poland"
"105","2009",165.64660730256,"PL","Poland"
"106","2010",170.174941091465,"PL","Poland"
"107","2011",175.404508542222,"PL","Poland"
"108","2012",179.897175451373,"PL","Poland"
"109","2013",182.393113974234,"PL","Poland"
"110","2014",184.473055733285,"PL","Poland"
"111","2015",186.933327376391,"PL","Poland"
"112","2016",189.369867832994,"PL","Poland"
"113","2017",195.039135194065,"PL","Poland"
"114","2018",202.574511275868,"PL","Poland"
"115","1970",14.6279844921412,"FR","France"
"116","1971",15.4825747985468,"FR","France"
"117","1972",16.3883672137299,"FR","France"
"118","1973",17.6952450649157,"FR","France"
"119","1974",19.401984262605,"FR","France"
"120","1975",21.6231825779197,"FR","France"
"121","1976",24.517332549375,"FR","France"
"122","1977",26.9128621745219,"FR","France"
"123","1978",29.2876701962036,"FR","France"
"124","1979",32.6523878993545,"FR","France"
"125","1980",36.8765753600725,"FR","France"
"126","1981",41.8399573313509,"FR","France"
"127","1982",46.3669378701201,"FR","France"
"128","1983",50.9338670093034,"FR","France"
"129","1984",54.9783331086351,"FR","France"
"130","1985",58.6048301286705,"FR","France"
"131","1986",61.8594609319493,"FR","France"
"132","1987",65.3968327394302,"FR","France"
"133","1988",69.3275937737938,"FR","France"
"134","1989",73.0309210079829,"FR","France"
"135","1990",76.6521226574198,"FR","France"
"136","1991",80.4483792497082,"FR","France"
"137","1992",84.5624967178677,"FR","France"
"138","1993",88.2257434745969,"FR","France"
"139","1994",90.726899850306,"FR","France"
"140","1995",93.1085756227444,"FR","France"
"141","1996",95.0946236399883,"FR","France"
"142","1997",96.4517162123653,"FR","France"
"143","1998",98.3678795398545,"FR","France"
"144","1999",100.114966350557,"FR","France"
"145","2000",100,"FR","France"
"146","2001",100.368579435006,"FR","France"
"147","2002",102.896780749441,"FR","France"
"148","2003",105.752994090792,"FR","France"
"149","2004",108.728681272489,"FR","France"
"150","2005",112.645544495129,"FR","France"
"151","2006",116.542112178605,"FR","France"
"152","2007",120.185076922021,"FR","France"
"153","2008",122.867702875335,"FR","France"
"154","2009",125.358718244388,"FR","France"
"155","2010",127.363918866401,"FR","France"
"156","2011",128.872051233488,"FR","France"
"157","2012",130.908821191329,"FR","France"
"158","2013",133.006454096424,"FR","France"
"159","2014",134.389472343371,"FR","France"
"160","2015",135.257372087466,"FR","France"
"161","2016",135.696982528083,"FR","France"
"162","2017",135.952823996455,"FR","France"
"163","2018",135.594412620951,"FR","France"
"164","1995",86.7377113818304,"LU","Luxembourg"
"165","1996",89.3635069334346,"LU","Luxembourg"
"166","1997",92.2112219737749,"LU","Luxembourg"
"167","1998",94.6918063890801,"LU","Luxembourg"
"168","1999",96.9996234514275,"LU","Luxembourg"
"169","2000",100,"LU","Luxembourg"
"170","2001",103.010062032136,"LU","Luxembourg"
"171","2002",105.77586361918,"LU","Luxembourg"
"172","2003",107.6524937902,"LU","Luxembourg"
"173","2004",109.383909438426,"LU","Luxembourg"
"174","2005",112.642851146275,"LU","Luxembourg"
"175","2006",115.210970659182,"LU","Luxembourg"
"176","2007",117.206766143356,"LU","Luxembourg"
"177","2008",120.712958604683,"LU","Luxembourg"
"178","2009",123.75857923032,"LU","Luxembourg"
"179","2010",126.054648410682,"LU","Luxembourg"
"180","2011",128.457955535977,"LU","Luxembourg"
"181","2012",130.172675577921,"LU","Luxembourg"
"182","2013",131.986726010911,"LU","Luxembourg"
"183","2014",133.251030428775,"LU","Luxembourg"
"184","2015",135.462449837408,"LU","Luxembourg"
"185","2016",136.614998675697,"LU","Luxembourg"
"186","2017",138.212256830442,"LU","Luxembourg"
"187","2018",139.956388908974,"LU","Luxembourg"
"188","1970",0.000855332450854974,"IL","Israel"
"189","1971",0.000969264404965954,"IL","Israel"
"190","1972",0.00117216643911236,"IL","Israel"
"191","1973",0.00154296349935398,"IL","Israel"
"192","1974",0.00221959696294063,"IL","Israel"
"193","1975",0.00292662307893371,"IL","Israel"
"194","1976",0.00364572195239992,"IL","Israel"
"195","1977",0.00447846429094574,"IL","Israel"
"196","1978",0.00660452777676041,"IL","Israel"
"197","1979",0.0143459114026748,"IL","Israel"
"198","1980",0.0313981645677179,"IL","Israel"
"199","1981",0.0721948471809998,"IL","Israel"
"200","1982",0.168733727752349,"IL","Israel"
"201","1983",0.415659375957321,"IL","Israel"
"202","1984",2.08133707038727,"IL","Israel"
"203","1985",7.3551874867403,"IL","Israel"
"204","1986",10.6332983476256,"IL","Israel"
"205","1987",14.6751239873095,"IL","Israel"
"206","1988",19.5159228170602,"IL","Israel"
"207","1989",26.8241118014427,"IL","Israel"
"208","1990",32.2523809417736,"IL","Israel"
"209","1991",43.9901331259167,"IL","Israel"
"210","1992",52.1560355813355,"IL","Israel"
"211","1993",60.6744242731556,"IL","Israel"
"212","1994",65.7032063121966,"IL","Israel"
"213","1995",68.4290944736284,"IL","Israel"
"214","1996",76.0192650220346,"IL","Israel"
"215","1997",85.0898885634671,"IL","Israel"
"216","1998",94.1487500760229,"IL","Israel"
"217","1999",101.938672612684,"IL","Israel"
"218","2000",100,"IL","Israel"
"219","2001",103.466106220335,"IL","Israel"
"220","2002",115.3801032102,"IL","Israel"
"221","2003",111.397017851486,"IL","Israel"
"222","2004",109.188115578522,"IL","Israel"
"223","2005",107.578428769794,"IL","Israel"
"224","2006",108.365647693586,"IL","Israel"
"225","2007",103.313361847056,"IL","Israel"
"226","2008",101.680184731017,"IL","Israel"
"227","2009",113.676424796827,"IL","Israel"
"228","2010",118.211728129933,"IL","Israel"
"229","2011",123.06427211334,"IL","Israel"
"230","2012",127.552584706689,"IL","Israel"
"231","2013",130.431207116267,"IL","Israel"
"232","2014",132.910359299776,"IL","Israel"
"233","2015",135.001776285738,"IL","Israel"
"234","2016",136.85817544708,"IL","Israel"
"235","2017",138.902608443375,"IL","Israel"
"236","2018",140.970497996522,"IL","Israel"
"237","1962",4.02207746658317,"GB","United Kingdom"
"238","1963",4.21830502444843,"GB","United Kingdom"
"239","1964",4.43633612787471,"GB","United Kingdom"
"240","1965",4.69065111425295,"GB","United Kingdom"
"241","1966",5.00255416318647,"GB","United Kingdom"
"242","1967",5.23526355671712,"GB","United Kingdom"
"243","1968",5.50158208466092,"GB","United Kingdom"
"244","1969",5.72086245257761,"GB","United Kingdom"
"245","1970",6.15238449717033,"GB","United Kingdom"
"246","1971",6.71776535746875,"GB","United Kingdom"
"247","1972",7.42290301216044,"GB","United Kingdom"
"248","1973",8.29848544355358,"GB","United Kingdom"
"249","1974",9.27353040852826,"GB","United Kingdom"
"250","1975",10.9989707582185,"GB","United Kingdom"
"251","1976",12.5535900824024,"GB","United Kingdom"
"252","1977",14.1816940831737,"GB","United Kingdom"
"253","1978",15.1898930416415,"GB","United Kingdom"
"254","1979",18.2965020581888,"GB","United Kingdom"
"255","1980",23.5991300204544,"GB","United Kingdom"
"256","1981",27.8710428771265,"GB","United Kingdom"
"257","1982",31.3913344241305,"GB","United Kingdom"
"258","1983",32.1707930346574,"GB","United Kingdom"
"259","1984",35.12496047402,"GB","United Kingdom"
"260","1985",39.6210172181247,"GB","United Kingdom"
"261","1986",41.8908178434935,"GB","United Kingdom"
"262","1987",45.0487620772178,"GB","United Kingdom"
"263","1988",48.4121122599705,"GB","United Kingdom"
"264","1989",52.7326440177253,"GB","United Kingdom"
"265","1990",58.751846381093,"GB","United Kingdom"
"266","1991",65.5465288035451,"GB","United Kingdom"
"267","1992",71.0856720827179,"GB","United Kingdom"
"268","1993",76.2555391432791,"GB","United Kingdom"
"269","1994",80.3545051698671,"GB","United Kingdom"
"270","1995",84.5273264401772,"GB","United Kingdom"
"271","1996",88.4047267355982,"GB","United Kingdom"
"272","1997",91.3220088626293,"GB","United Kingdom"
"273","1998",94.0546528803545,"GB","United Kingdom"
"274","1999",96.8980797636632,"GB","United Kingdom"
"275","2000",100,"GB","United Kingdom"
"276","2001",103.360413589365,"GB","United Kingdom"
"277","2002",106.09305760709,"GB","United Kingdom"
"278","2003",107.644017725258,"GB","United Kingdom"
"279","2004",110.044313146233,"GB","United Kingdom"
"280","2005",113.884785819793,"GB","United Kingdom"
"281","2006",117.429837518464,"GB","United Kingdom"
"282","2007",121.122599704579,"GB","United Kingdom"
"283","2008",125.184638109306,"GB","United Kingdom"
"284","2009",127.548005908419,"GB","United Kingdom"
"285","2010",129.283604135894,"GB","United Kingdom"
"286","2011",132.496307237814,"GB","United Kingdom"
"287","2012",136.927621861152,"GB","United Kingdom"
"288","2013",140.324963072378,"GB","United Kingdom"
"289","2014",143.611521418021,"GB","United Kingdom"
"290","2015",147.74741506647,"GB","United Kingdom"
"291","2016",150.295420974889,"GB","United Kingdom"
"292","2017",151.735598227474,"GB","United Kingdom"
"293","2018",152.437223043689,"GB","United Kingdom"
"294","1970",29.2430294216208,"JP","Japan"
"295","1971",31.6653395749275,"JP","Japan"
"296","1972",34.223111093475,"JP","Japan"
"297","1973",37.147413318519,"JP","Japan"
"298","1974",39.9442262903766,"JP","Japan"
"299","1975",43.7689277903528,"JP","Japan"
"300","1976",48.1832691779498,"JP","Japan"
"301","1977",53.1394464652946,"JP","Japan"
"302","1978",57.4820770902054,"JP","Japan"
"303","1979",60.5498056214986,"JP","Japan"
"304","1980",63.1792855122937,"JP","Japan"
"305","1981",66.1832706122129,"JP","Japan"
"306","1982",68.9004030996338,"JP","Japan"
"307","1983",71.6016009244304,"JP","Japan"
"308","1984",73.9761046992912,"JP","Japan"
"309","1985",76.3187271967114,"JP","Japan"
"310","1986",78.2071759527631,"JP","Japan"
"311","1987",80.6772972651234,"JP","Japan"
"312","1988",82.8446289119227,"JP","Japan"
"313","1989",85.3227151651566,"JP","Japan"
"314","1990",87.5537950242069,"JP","Japan"
"315","1991",89.7609633275669,"JP","Japan"
"316","1992",92.2709236869263,"JP","Japan"
"317","1993",94.6533947930992,"JP","Japan"
"318","1994",96.6533861875209,"JP","Japan"
"319","1995",98.4860636243875,"JP","Japan"
"320","1996",99.6414342343772,"JP","Japan"
"321","1997",100.525896456247,"JP","Japan"
"322","1998",100.374509990001,"JP","Japan"
"323","1999",100.119545826258,"JP","Japan"
"324","2000",100,"JP","Japan"
"325","2001",99.8008047650042,"JP","Japan"
"326","2002",99.4980079281281,"JP","Japan"
"327","2003",99.2430198600017,"JP","Japan"
"328","2004",98.884454094379,"JP","Japan"
"329","2005",98.5896652262678,"JP","Japan"
"330","2006",98.5338723931372,"JP","Japan"
"331","2007",98.398406246885,"JP","Japan"
"332","2008",98.3506213825203,"JP","Japan"
"333","2009",97.9601671681408,"JP","Japan"
"334","2010",97.4900396406407,"JP","Japan"
"335","2011",97.1474180993958,"JP","Japan"
"336","2012",96.6773144762798,"JP","Japan"
"337","2013",96.2629558775264,"JP","Japan"
"338","2014",95.8804618231438,"JP","Japan"
"339","2015",95.6175207663364,"JP","Japan"
"340","2016",95.3386546086578,"JP","Japan"
"341","2017",95.0597693274718,"JP","Japan"
"342","2018",94.9243103525345,"JP","Japan"
"343","1959",10.441651632654,"FI","Finland"
"344","1960",11.1242783092729,"FI","Finland"
"345","1961",11.604644322598,"FI","Finland"
"346","1962",12.1945680275801,"FI","Finland"
"347","1963",12.9698950972165,"FI","Finland"
"348","1964",13.6525204845257,"FI","Finland"
"349","1965",14.1076040760652,"FI","Finland"
"350","1966",14.6890997763658,"FI","Finland"
"351","1967",15.0808961066026,"FI","Finland"
"352","1968",16.1984625841814,"FI","Finland"
"353","1969",16.7886458328557,"FI","Finland"
"354","1970",17.4039299819268,"FI","Finland"
"355","1971",18.7977528547895,"FI","Finland"
"356","1972",19.5869790464486,"FI","Finland"
"357","1973",22.6566229945393,"FI","Finland"
"358","1974",28.167299252667,"FI","Finland"
"359","1975",31.6859665266979,"FI","Finland"
"360","1976",33.4150943732712,"FI","Finland"
"361","1977",35.8338568791372,"FI","Finland"
"362","1978",38.0951352786308,"FI","Finland"
"363","1979",40.5386165346721,"FI","Finland"
"364","1980",43.8842238962101,"FI","Finland"
"365","1981",50.6005649963646,"FI","Finland"
"366","1982",56.5952345103051,"FI","Finland"
"367","1983",60.2839363409067,"FI","Finland"
"368","1984",63.8714639003068,"FI","Finland"
"369","1985",65.7022373366882,"FI","Finland"
"370","1986",65.9705704840418,"FI","Finland"
"371","1987",66.8960332297452,"FI","Finland"
"372","1988",72.2352259450449,"FI","Finland"
"373","1989",83.4820407229468,"FI","Finland"
"374","1990",90.6152822383202,"FI","Finland"
"375","1991",92.2471910684869,"FI","Finland"
"376","1992",92.3619730721669,"FI","Finland"
"377","1993",88.3112698902823,"FI","Finland"
"378","1994",87.3068963083779,"FI","Finland"
"379","1995",88.9038957157904,"FI","Finland"
"380","1996",89.1328323598695,"FI","Finland"
"381","1997",91.130306092137,"FI","Finland"
"382","1998",93.1774243227917,"FI","Finland"
"383","1999",94.331750467115,"FI","Finland"
"384","2000",100,"FI","Finland"
"385","2001",103.560321648199,"FI","Finland"
"386","2002",103.065271512637,"FI","Finland"
"387","2003",102.523557650418,"FI","Finland"
"388","2004",103.43281085755,"FI","Finland"
"389","2005",106.327350389462,"FI","Finland"
"390","2006",111.041746599755,"FI","Finland"
"391","2007",117.780144136873,"FI","Finland"
"392","2008",122.849003785325,"FI","Finland"
"393","2009",118.547565473798,"FI","Finland"
"394","2010",118.352531873506,"FI","Finland"
"395","2011",122.308697862888,"FI","Finland"
"396","2012",126.811287234058,"FI","Finland"
"397","2013",130.510017271962,"FI","Finland"
"398","2014",134.561856381647,"FI","Finland"
"399","2015",138.589496553472,"FI","Finland"
"400","2016",141.765686840555,"FI","Finland"
"401","2017",144.668104121174,"FI","Finland"
"402","2018",147.396132434787,"FI","Finland"
"403","1995",63.6875684316372,"SK","Slovakia"
"404","1996",65.4364026812592,"SK","Slovakia"
"405","1997",69.969428894306,"SK","Slovakia"
"406","1998",72.9950054937013,"SK","Slovakia"
"407","1999",79.529000076885,"SK","Slovakia"
"408","2000",100,"SK","Slovakia"
"409","2001",122.761653460219,"SK","Slovakia"
"410","2002",128.193119249729,"SK","Slovakia"
"411","2003",165.841002327982,"SK","Slovakia"
"412","2004",208.385827135509,"SK","Slovakia"
"413","2005",220.248446521015,"SK","Slovakia"
"414","2006",225.424717218419,"SK","Slovakia"
"415","2007",234.441702236605,"SK","Slovakia"
"416","2008",240.604322218576,"SK","Slovakia"
"417","2009",253.636621826292,"SK","Slovakia"
"418","2010",257.852702473028,"SK","Slovakia"
"419","2011",259.799248362819,"SK","Slovakia"
"420","2012",261.501374850941,"SK","Slovakia"
"421","2013",262.156116026919,"SK","Slovakia"
"422","2014",262.182249042592,"SK","Slovakia"
"423","2015",262.182249042592,"SK","Slovakia"
"424","2016",262.828200558671,"SK","Slovakia"
"425","2017",263.631264787489,"SK","Slovakia"
"426","2018",264.399393230795,"SK","Slovakia"
"427","1960",11.9568843344779,"NL","Netherlands"
"428","1961",11.9568843345383,"NL","Netherlands"
"429","1962",12.289020255755,"NL","Netherlands"
"430","1963",13.0144748471011,"NL","Netherlands"
"431","1964",13.6700049829543,"NL","Netherlands"
"432","1965",14.2758907456705,"NL","Netherlands"
"433","1966",15.3803304337187,"NL","Netherlands"
"434","1967",16.0370878371903,"NL","Netherlands"
"435","1968",17.229016328807,"NL","Netherlands"
"436","1969",18.428894836382,"NL","Netherlands"
"437","1970",19.4116139307221,"NL","Netherlands"
"438","1971",21.2519966393146,"NL","Netherlands"
"439","1972",23.1753376356714,"NL","Netherlands"
"440","1973",25.3598335292266,"NL","Netherlands"
"441","1974",27.4767414111273,"NL","Netherlands"
"442","1975",29.4891770333414,"NL","Netherlands"
"443","1976",32.9041852997583,"NL","Netherlands"
"444","1977",35.3648973424014,"NL","Netherlands"
"445","1978",37.463981148727,"NL","Netherlands"
"446","1979",40.2316278195193,"NL","Netherlands"
"447","1980",43.0263030730258,"NL","Netherlands"
"448","1981",46.3519040105051,"NL","Netherlands"
"449","1982",50.3632664818658,"NL","Netherlands"
"450","1983",53.4012136952392,"NL","Netherlands"
"451","1984",56.0119238871959,"NL","Netherlands"
"452","1985",57.9556126569286,"NL","Netherlands"
"453","1986",59.4300187169579,"NL","Netherlands"
"454","1987",60.7052807400353,"NL","Netherlands"
"455","1988",62.2268976074654,"NL","Netherlands"
"456","1989",64.023858734218,"NL","Netherlands"
"457","1990",65.9270800465048,"NL","Netherlands"
"458","1991",68.6520703382892,"NL","Netherlands"
"459","1992",72.3549714546969,"NL","Netherlands"
"460","1993",76.2281890629159,"NL","Netherlands"
"461","1994",80.046470258222,"NL","Netherlands"
"462","1995",84.1064819711524,"NL","Netherlands"
"463","1996",87.6340083382966,"NL","Netherlands"
"464","1997",91.0735556879095,"NL","Netherlands"
"465","1998",94.3344252531269,"NL","Netherlands"
"466","1999",97.3198332340679,"NL","Netherlands"
"467","2000",100,"NL","Netherlands"
"468","2001",102.635497319833,"NL","Netherlands"
"469","2002",105.524121500893,"NL","Netherlands"
"470","2003",108.755211435378,"NL","Netherlands"
"471","2004",112.164979154258,"NL","Netherlands"
"472","2005",115.001488981537,"NL","Netherlands"
"473","2006",117.726325193568,"NL","Netherlands"
"474","2007",120.108695652174,"NL","Netherlands"
"475","2008",122.08904109589,"NL","Netherlands"
"476","2009",124.992555092317,"NL","Netherlands"
"477","2010",127.76950565813,"NL","Netherlands"
"478","2011",129.958308516974,"NL","Netherlands"
"479","2012",132.966051220965,"NL","Netherlands"
"480","2013",137.954139368672,"NL","Netherlands"
"481","2014",144.140857653365,"NL","Netherlands"
"482","2015",148.898153662894,"NL","Netherlands"
"483","2016",152.002680166766,"NL","Netherlands"
"484","2017",154.742406194163,"NL","Netherlands"
"485","2018",157.765038711419,"NL","Netherlands"
"486","1994",35.0943889105067,"CZ","Czech Republic"
"487","1995",39.0410958904109,"CZ","Czech Republic"
"488","1996",46.9968387776606,"CZ","Czech Republic"
"489","1997",61.5911538461536,"CZ","Czech Republic"
"490","1998",81.4190410958904,"CZ","Czech Republic"
"491","1999",93.133119072708,"CZ","Czech Republic"
"492","2000",100,"CZ","Czech Republic"
"493","2001",106.217070600632,"CZ","Czech Republic"
"494","2002",113.470321390938,"CZ","Czech Republic"
"495","2003",118.124341412013,"CZ","Czech Republic"
"496","2004",120.706006322445,"CZ","Czech Republic"
"497","2005",122.093429926238,"CZ","Czech Republic"
"498","2006",123.375479452055,"CZ","Czech Republic"
"499","2007",131.506854583772,"CZ","Czech Republic"
"500","2008",150.070247629083,"CZ","Czech Republic"
"501","2009",174.798029504742,"CZ","Czech Republic"
"502","2010",189.480147523709,"CZ","Czech Republic"
"503","2011",194.608366701791,"CZ","Czech Republic"
"504","2012",202.968029504741,"CZ","Czech Republic"
"505","2013",207.077623814541,"CZ","Czech Republic"
"506","2014",208.956801896733,"CZ","Czech Republic"
"507","2015",210.748145416227,"CZ","Czech Republic"
"508","2016",213.224446786091,"CZ","Czech Republic"
"509","2017",217.825816649104,"CZ","Czech Republic"
"510","2018",224.288724968405,"CZ","Czech Republic"
"511","2000",100,"SI","Slovenia"
"512","2001",111.988927884612,"SI","Slovenia"
"513","2002",122.058029860143,"SI","Slovenia"
"514","2003",138.916473581157,"SI","Slovenia"
"515","2004",155.413950162694,"SI","Slovenia"
"516","2005",163.55881934577,"SI","Slovenia"
"517","2006",168.843842560289,"SI","Slovenia"
"518","2007",173.869557667962,"SI","Slovenia"
"519","2008",183.558535573391,"SI","Slovenia"
"520","2009",182.67304689966,"SI","Slovenia"
"521","2010",180.12262027987,"SI","Slovenia"
"522","2011",179.435994160082,"SI","Slovenia"
"523","2012",176.509837099411,"SI","Slovenia"
"524","2013",174.640131278848,"SI","Slovenia"
"525","2014",173.361235983903,"SI","Slovenia"
"526","2015",176.804563869176,"SI","Slovenia"
"527","2016",179.670306317993,"SI","Slovenia"
"528","2017",189.116122924969,"SI","Slovenia"
"529","2018",200.898740292057,"SI","Slovenia"
"530","1980",23.5406135515297,"SE","Sweden"
"531","1981",26.8645785578943,"SE","Sweden"
"532","1982",30.8839786658897,"SE","Sweden"
"533","1983",33.7812628439507,"SE","Sweden"
"534","1984",36.5579021836344,"SE","Sweden"
"535","1985",39.0655878868155,"SE","Sweden"
"536","1986",40.8421345206104,"SE","Sweden"
"537","1987",43.5250023863946,"SE","Sweden"
"538","1988",46.8689763300244,"SE","Sweden"
"539","1989",50.6153048313655,"SE","Sweden"
"540","1990",57.9362961017156,"SE","Sweden"
"541","1991",73.1277698548292,"SE","Sweden"
"542","1992",79.6285666545546,"SE","Sweden"
"543","1993",86.2864994204764,"SE","Sweden"
"544","1994",89.6136027484941,"SE","Sweden"
"545","1995",92.3990658188781,"SE","Sweden"
"546","1996",95.7587347973255,"SE","Sweden"
"547","1997",98.7882408784296,"SE","Sweden"
"548","1998",99.5358587031631,"SE","Sweden"
"549","1999",99.527815255622,"SE","Sweden"
"550","2000",100,"SE","Sweden"
"551","2001",101.691210467701,"SE","Sweden"
"552","2002",103.862855369567,"SE","Sweden"
"553","2003",106.613796925567,"SE","Sweden"
"554","2004",109.922654689675,"SE","Sweden"
"555","2005",112.579625404273,"SE","Sweden"
"556","2006",113.576971650938,"SE","Sweden"
"557","2007",115.388435096751,"SE","Sweden"
"558","2008",118.305143856887,"SE","Sweden"
"559","2009",122.119931033968,"SE","Sweden"
"560","2010",124.109326538981,"SE","Sweden"
"561","2011",126.989152311032,"SE","Sweden"
"562","2012",130.265245057207,"SE","Sweden"
"563","2013",133.208046898661,"SE","Sweden"
"564","2014",135.493661264919,"SE","Sweden"
"565","2015",137.494826327359,"SE","Sweden"
"566","2016",138.701312522208,"SE","Sweden"
"567","2017",139.811617646265,"SE","Sweden"
"568","2018",141.134042919043,"SE","Sweden"
"569","1995",49.8620676948721,"LV","Latvia"
"570","1996",53.6767756865777,"LV","Latvia"
"571","1997",72.3169936260154,"LV","Latvia"
"572","1998",96.3672655267839,"LV","Latvia"
"573","1999",98.051516602286,"LV","Latvia"
"574","2000",100,"LV","Latvia"
"575","2001",102.669786032399,"LV","Latvia"
"576","2002",103.165004122912,"LV","Latvia"
"577","2003",104.943510275668,"LV","Latvia"
"578","2004",112.271892392054,"LV","Latvia"
"579","2005",126.54610187147,"LV","Latvia"
"580","2006",141.018245018726,"LV","Latvia"
"581","2007",167.29549754505,"LV","Latvia"
"582","2008",208.675396064282,"LV","Latvia"
"583","2009",179.28854369025,"LV","Latvia"
"584","2010",154.330059501758,"LV","Latvia"
"585","2011",162.970079996155,"LV","Latvia"
"586","2012",178.548613412282,"LV","Latvia"
"587","2013",188.636993003764,"LV","Latvia"
"588","2014",197.967577529837,"LV","Latvia"
"589","2015",199.439425606448,"LV","Latvia"
"590","2016",196.68578526336,"LV","Latvia"
"591","2017",195.996133667102,"LV","Latvia"
"592","2018",204.165885945629,"LV","Latvia"
"593","1979",34.09350186639,"NO","Norway"
"594","1980",36.374003663018,"NO","Norway"
"595","1981",40.3902219836649,"NO","Norway"
"596","1982",45.4706706754342,"NO","Norway"
"597","1983",49.6515906367005,"NO","Norway"
"598","1984",53.2750571370223,"NO","Norway"
"599","1985",55.8849622153159,"NO","Norway"
"600","1986",58.596227996816,"NO","Norway"
"601","1987",62.0296488798803,"NO","Norway"
"602","1988",66.9327277435471,"NO","Norway"
"603","1989",72.0258484236355,"NO","Norway"
"604","1990",76.700877107597,"NO","Norway"
"605","1991",80.4510330844179,"NO","Norway"
"606","1992",83.4663657721918,"NO","Norway"
"607","1993",85.9115730107022,"NO","Norway"
"608","1994",86.4816908582932,"NO","Norway"
"609","1995",87.7739790107936,"NO","Norway"
"610","1996",89.2943097413269,"NO","Norway"
"611","1997",91.4481182610459,"NO","Norway"
"612","1998",93.5892585932824,"NO","Norway"
"613","1999",96.1991674724123,"NO","Norway"
"614","2000",100,"NO","Norway"
"615","2001",103.851520480864,"NO","Norway"
"616","2002",108.488537000705,"NO","Norway"
"617","2003",112.808826028462,"NO","Norway"
"618","2004",115.076655837197,"NO","Norway"
"619","2005",117.395158395863,"NO","Norway"
"620","2006",120.04308323995,"NO","Norway"
"621","2007",122.336249423651,"NO","Norway"
"622","2008",126.010388673903,"NO","Norway"
"623","2009",130.343342088306,"NO","Norway"
"624","2010",134.055497303516,"NO","Norway"
"625","2011",137.07082999129,"NO","Norway"
"626","2012",139.693403257066,"NO","Norway"
"627","2013",144.039024858952,"NO","Norway"
"628","2014",147.928549902263,"NO","Norway"
"629","2015",152.020758343624,"NO","Norway"
"630","2016",154.947402316511,"NO","Norway"
"631","2017",158.24151114563,"NO","Norway"
"632","2018",160.978113302592,"NO","Norway"
"633","1959",27.6880570993133,"CA","Canada"
"634","1960",27.7744254708113,"CA","Canada"
"635","1961",27.8089672943294,"CA","Canada"
"636","1962",27.9903264477038,"CA","Canada"
"637","1963",28.0853233686226,"CA","Canada"
"638","1964",28.2407784566088,"CA","Canada"
"639","1965",28.4048713026237,"CA","Canada"
"640","1966",28.8971437015366,"CA","Canada"
"641","1967",29.8644099137397,"CA","Canada"
"642","1968",31.1684965064351,"CA","Canada"
"643","1969",32.4553075830736,"CA","Canada"
"644","1970",33.534849301818,"CA","Canada"
"645","1971",34.156663514632,"CA","Canada"
"646","1972",34.6143910205625,"CA","Canada"
"647","1973",35.2362052333762,"CA","Canada"
"648","1974",36.2725643011099,"CA","Canada"
"649","1975",38.2243753111389,"CA","Canada"
"650","1976",40.9534525524023,"CA","Canada"
"651","1977",43.5788981842843,"CA","Canada"
"652","1978",45.8847958821652,"CA","Canada"
"653","1979",48.0438731805225,"CA","Canada"
"654","1980",50.4015912874428,"CA","Canada"
"655","1981",53.7697582575769,"CA","Canada"
"656","1982",58.5629158762791,"CA","Canada"
"657","1983",62.9933521186665,"CA","Canada"
"658","1984",66.1369742148496,"CA","Canada"
"659","1985",68.9783238930885,"CA","Canada"
"660","1986",71.7419490969,"CA","Canada"
"661","1987",74.3242120777713,"CA","Canada"
"662","1988",77.2519270580318,"CA","Canada"
"663","1989",81.1641806969866,"CA","Canada"
"664","1990",84.4114405416826,"CA","Canada"
"665","1991",87.3391524523773,"CA","Canada"
"666","1992",89.7227746246857,"CA","Canada"
"667","1993",91.6400407417323,"CA","Canada"
"668","1994",93.1513966923219,"CA","Canada"
"669","1995",94.4900312475654,"CA","Canada"
"670","1996",95.6991147802108,"CA","Canada"
"671","1997",96.8477462849199,"CA","Canada"
"672","1998",97.9013777991446,"CA","Canada"
"673","1999",98.9118297319243,"CA","Canada"
"674","2000",100,"CA","Canada"
"675","2001",101.614999838234,"CA","Canada"
"676","2002",103.627259806633,"CA","Canada"
"677","2003",105.199073924291,"CA","Canada"
"678","2004",106.287250331498,"CA","Canada"
"679","2005",107.159519622782,"CA","Canada"
"680","2006",108.187244002053,"CA","Canada"
"681","2007",109.86268358996,"CA","Canada"
"682","2008",111.762677260516,"CA","Canada"
"683","2009",113.43812605712,"CA","Canada"
"684","2010",114.828571812706,"CA","Canada"
"685","2011",116.106751270447,"CA","Canada"
"686","2012",117.730379658012,"CA","Canada"
"687","2013",119.630370259002,"CA","Canada"
"688","2014",121.35763639508,"CA","Canada"
"689","2015",122.78261783495,"CA","Canada"
"690","2016",123.594438167865,"CA","Canada"
"691","2017",124.38036978322,"CA","Canada"
"692","2018",125.796698117525,"CA","Canada"
"693","1985",53.2830898832172,"KR","Korea, Republic of"
"694","1986",55.4230769805756,"KR","Korea, Republic of"
"695","1987",57.1719448821876,"KR","Korea, Republic of"
"696","1988",60.2621424031059,"KR","Korea, Republic of"
"697","1989",64.2354629006492,"KR","Korea, Republic of"
"698","1990",71.0127644815669,"KR","Korea, Republic of"
"699","1991",79.290492729021,"KR","Korea, Republic of"
"700","1992",85.331732092576,"KR","Korea, Republic of"
"701","1993",90.2835834767618,"KR","Korea, Republic of"
"702","1994",93.8101210487402,"KR","Korea, Republic of"
"703","1995",97.401561960867,"KR","Korea, Republic of"
"704","1996",100.859185312126,"KR","Korea, Republic of"
"705","1997",104.146893177379,"KR","Korea, Republic of"
"706","1998",104.69066648766,"KR","Korea, Republic of"
"707","1999",100.429051187186,"KR","Korea, Republic of"
"708","2000",100,"KR","Korea, Republic of"
"709","2001",104.081865864559,"KR","Korea, Republic of"
"710","2002",110.046650551921,"KR","Korea, Republic of"
"711","2003",113.978524068146,"KR","Korea, Republic of"
"712","2004",115.77868383975,"KR","Korea, Republic of"
"713","2005",115.517371324297,"KR","Korea, Republic of"
"714","2006",115.979472167388,"KR","Korea, Republic of"
"715","2007",118.078260228776,"KR","Korea, Republic of"
"716","2008",120.754976071633,"KR","Korea, Republic of"
"717","2009",122.641909421263,"KR","Korea, Republic of"
"718","2010",124.943060992476,"KR","Korea, Republic of"
"719","2011",129.888597062891,"KR","Korea, Republic of"
"720","2012",135.366373338816,"KR","Korea, Republic of"
"721","2013",138.968990022716,"KR","Korea, Republic of"
"722","2014",142.229839573164,"KR","Korea, Republic of"
"723","2015",145.84897743876,"KR","Korea, Republic of"
"724","2016",148.566626140972,"KR","Korea, Republic of"
"725","2017",150.9646951718,"KR","Korea, Republic of"
"726","2018",151.898136468477,"KR","Korea, Republic of"
"727","1966",10.8168850682094,"AT","Austria"
"728","1967",11.4613374757391,"AT","Austria"
"729","1968",12.2644236854019,"AT","Austria"
"730","1969",13.1594463904738,"AT","Austria"
"731","1970",14.6493484160562,"AT","Austria"
"732","1971",16.5277228253566,"AT","Austria"
"733","1972",18.2060018980003,"AT","Austria"
"734","1973",20.3169224088599,"AT","Austria"
"735","1974",21.3660722028838,"AT","Austria"
"736","1975",23.6184988798841,"AT","Austria"
"737","1976",27.7817522493934,"AT","Austria"
"738","1977",30.7218996529892,"AT","Austria"
"739","1978",32.3803496426952,"AT","Austria"
"740","1979",33.5367601996698,"AT","Austria"
"741","1980",34.6571185687151,"AT","Austria"
"742","1981",36.7572211457362,"AT","Austria"
"743","1982",40.9745527971394,"AT","Austria"
"744","1983",46.8314011561484,"AT","Austria"
"745","1984",50.3907670926613,"AT","Austria"
"746","1985",53.9212852056048,"AT","Austria"
"747","1986",56.0403096774277,"AT","Austria"
"748","1987",57.9538427512799,"AT","Austria"
"749","1988",59.2093987229429,"AT","Austria"
"750","1989",60.7768148504562,"AT","Austria"
"751","1990",63.3131648436393,"AT","Austria"
"752","1991",66.3767885236447,"AT","Austria"
"753","1992",70.6779458771146,"AT","Austria"
"754","1993",74.3535723383786,"AT","Austria"
"755","1994",79.0900737156409,"AT","Austria"
"756","1995",85.0722165230974,"AT","Austria"
"757","1996",90.2359465758902,"AT","Austria"
"758","1997",93.5304462771151,"AT","Austria"
"759","1998",96.3565247564207,"AT","Austria"
"760","1999",98.3355328701341,"AT","Austria"
"761","2000",100,"AT","Austria"
"762","2001",102.824993254803,"AT","Austria"
"763","2002",104.566665199454,"AT","Austria"
"764","2003",109.116659244892,"AT","Austria"
"765","2004",112.916665974903,"AT","Austria"
"766","2005",116.787135360012,"AT","Austria"
"767","2006",119.405332606935,"AT","Austria"
"768","2007",121.751004875371,"AT","Austria"
"769","2008",123.279094109657,"AT","Austria"
"770","2009",129.070273186236,"AT","Austria"
"771","2010",134.150942013337,"AT","Austria"
"772","2011",138.602144184952,"AT","Austria"
"773","2012",144.708560732747,"AT","Austria"
"774","2013",149.204479822943,"AT","Austria"
"775","2014",155.131959857546,"AT","Austria"
"776","2015",162.000791161057,"AT","Austria"
"777","2016",166.994953827545,"AT","Austria"
"778","2017",173.892405902634,"AT","Austria"
"779","2018",180.357833341798,"AT","Austria"
"780","1960",4.08264657620629,"IT","Italy"
"781","1961",4.46993545216841,"IT","Italy"
"782","1962",4.89523128804266,"IT","Italy"
"783","1963",5.37681570247286,"IT","Italy"
"784","1964",5.80692284014436,"IT","Italy"
"785","1965",6.03111721830911,"IT","Italy"
"786","1966",6.26236750835732,"IT","Italy"
"787","1967",6.51177954957221,"IT","Italy"
"788","1968",6.78489845858691,"IT","Italy"
"789","1969",7.0823979504702,"IT","Italy"
"790","1970",7.49844207468282,"IT","Italy"
"791","1971",7.77194615347562,"IT","Italy"
"792","1972",8.09429440873364,"IT","Italy"
"793","1973",8.67267497678931,"IT","Italy"
"794","1974",9.15850588802318,"IT","Italy"
"795","1975",10.4395583231446,"IT","Italy"
"796","1976",11.7106059732797,"IT","Italy"
"797","1977",12.4150609107838,"IT","Italy"
"798","1978",13.2657163347714,"IT","Italy"
"799","1979",16.9588095023265,"IT","Italy"
"800","1980",20.4396551956964,"IT","Italy"
"801","1981",23.6466285746838,"IT","Italy"
"802","1982",27.5669064988704,"IT","Italy"
"803","1983",32.7243132256287,"IT","Italy"
"804","1984",40.1785504274149,"IT","Italy"
"805","1985",42.6087326563974,"IT","Italy"
"806","1986",46.4022332762906,"IT","Italy"
"807","1987",49.08959934289,"IT","Italy"
"808","1988",51.2728811032453,"IT","Italy"
"809","1989",54.1329161250286,"IT","Italy"
"810","1990",57.5167621224679,"IT","Italy"
"811","1991",60.9926769785921,"IT","Italy"
"812","1992",64.5443939111344,"IT","Italy"
"813","1993",68.6808749367187,"IT","Italy"
"814","1994",73.7903579099641,"IT","Italy"
"815","1995",78.3678018841903,"IT","Italy"
"816","1996",84.2340619872931,"IT","Italy"
"817","1997",89.8133794530316,"IT","Italy"
"818","1998",94.4595656600154,"IT","Italy"
"819","1999",97.5894274140097,"IT","Italy"
"820","2000",100,"IT","Italy"
"821","2001",102.255060217502,"IT","Italy"
"822","2002",104.607313148493,"IT","Italy"
"823","2003",107.503892926738,"IT","Italy"
"824","2004",110.517108659225,"IT","Italy"
"825","2005",112.986004255969,"IT","Italy"
"826","2006",115.791861215127,"IT","Italy"
"827","2007",118.40980264171,"IT","Italy"
"828","2008",121.319338987533,"IT","Italy"
"829","2009",125.38880525044,"IT","Italy"
"830","2010",127.831781000518,"IT","Italy"
"831","2011",129.894321590464,"IT","Italy"
"832","2012",132.72807829136,"IT","Italy"
"833","2013",134.475184683102,"IT","Italy"
"834","2014",134.05972551473,"IT","Italy"
"835","2015",134.240828865957,"IT","Italy"
"836","2016",134.644039530921,"IT","Italy"
"837","2017",134.912499879612,"IT","Italy"
"838","2018",135.427037694689,"IT","Italy"
"839","1959",1.34944215202787,"PT","Portugal"
"840","1960",1.41830165922269,"PT","Portugal"
"841","1961",1.51169615728086,"PT","Portugal"
"842","1962",1.55218720511902,"PT","Portugal"
"843","1963",1.54144611875394,"PT","Portugal"
"844","1964",1.62350907621976,"PT","Portugal"
"845","1965",1.75818588443097,"PT","Portugal"
"846","1966",1.93991644741846,"PT","Portugal"
"847","1967",2.28334429142578,"PT","Portugal"
"848","1968",2.56604628296633,"PT","Portugal"
"849","1969",2.94594222509673,"PT","Portugal"
"850","1970",3.08502037397675,"PT","Portugal"
"851","1971",3.9575055882341,"PT","Portugal"
"852","1972",4.8069936367076,"PT","Portugal"
"853","1973",5.96744008372195,"PT","Portugal"
"854","1974",7.19784955311457,"PT","Portugal"
"855","1975",7.66730695370735,"PT","Portugal"
"856","1976",9.66342535570268,"PT","Portugal"
"857","1977",10.6731946669243,"PT","Portugal"
"858","1978",11.4416781092115,"PT","Portugal"
"859","1979",12.1582383803695,"PT","Portugal"
"860","1980",12.9763049726753,"PT","Portugal"
"861","1981",13.8494147642576,"PT","Portugal"
"862","1982",14.7813548804411,"PT","Portugal"
"863","1983",15.776580258347,"PT","Portugal"
"864","1984",18.7737474714535,"PT","Portugal"
"865","1985",21.7870686553046,"PT","Portugal"
"866","1986",27.0878971456923,"PT","Portugal"
"867","1987",31.2215735582546,"PT","Portugal"
"868","1988",36.6960009578759,"PT","Portugal"
"869","1989",41.8548774576073,"PT","Portugal"
"870","1990",49.2696250645883,"PT","Portugal"
"871","1991",61.0804465956552,"PT","Portugal"
"872","1992",71.0745163268551,"PT","Portugal"
"873","1993",77.8050158918841,"PT","Portugal"
"874","1994",83.6143818147666,"PT","Portugal"
"875","1995",87.8329585809832,"PT","Portugal"
"876","1996",90.4244363806001,"PT","Portugal"
"877","1997",93.9002699367458,"PT","Portugal"
"878","1998",96.2989827357609,"PT","Portugal"
"879","1999",97.6507602996213,"PT","Portugal"
"880","2000",100,"PT","Portugal"
"881","2001",102.724064703495,"PT","Portugal"
"882","2002",106.124920395869,"PT","Portugal"
"883","2003",108.660011154494,"PT","Portugal"
"884","2004",111.511764046121,"PT","Portugal"
"885","2005",114.18201076524,"PT","Portugal"
"886","2006",117.082018329486,"PT","Portugal"
"887","2007",120.226143441901,"PT","Portugal"
"888","2008",123.868672684214,"PT","Portugal"
"889","2009",127.203333184812,"PT","Portugal"
"890","2010",129.862774859133,"PT","Portugal"
"891","2011",131.080071777798,"PT","Portugal"
"892","2012",133.70764500154,"PT","Portugal"
"893","2013",135.372743852871,"PT","Portugal"
"894","2014",141.366292197782,"PT","Portugal"
"895","2015",142.923872992558,"PT","Portugal"
"896","2016",145.360224793526,"PT","Portugal"
"897","2017",146.806185616591,"PT","Portugal"
"898","2018",149.579730563792,"PT","Portugal"
"899","1960",16.1236431129764,"DE","Germany"
"900","1961",17.5124523985409,"DE","Germany"
"901","1962",17.9290975808402,"DE","Germany"
"902","1963",18.91205511986,"DE","Germany"
"903","1964",19.9961138672133,"DE","Germany"
"904","1965",21.0970173238751,"DE","Germany"
"905","1966",22.7596197898744,"DE","Germany"
"906","1967",24.3098842514143,"DE","Germany"
"907","1968",26.0848127391525,"DE","Germany"
"908","1969",27.7530321053748,"DE","Germany"
"909","1970",28.9887471587482,"DE","Germany"
"910","1971",30.7412110412747,"DE","Germany"
"911","1972",32.5554698132942,"DE","Germany"
"912","1973",34.4371194052688,"DE","Germany"
"913","1974",36.110955671714,"DE","Germany"
"914","1975",38.374563465891,"DE","Germany"
"915","1976",40.2562160535458,"DE","Germany"
"916","1977",41.6155059075047,"DE","Germany"
"917","1978",42.8568408567812,"DE","Germany"
"918","1979",44.2329724243686,"DE","Germany"
"919","1980",46.440411216316,"DE","Germany"
"920","1981",48.5018046111058,"DE","Germany"
"921","1982",50.9507671169607,"DE","Germany"
"922","1983",53.6974223389528,"DE","Germany"
"923","1984",55.7307372239881,"DE","Germany"
"924","1985",57.4607365013029,"DE","Germany"
"925","1986",58.4717755457574,"DE","Germany"
"926","1987",59.3985640825476,"DE","Germany"
"927","1988",60.6960650383737,"DE","Germany"
"928","1989",62.5327824242447,"DE","Germany"
"929","1990",64.6335031076357,"DE","Germany"
"930","1991",68.5248316685073,"DE","Germany"
"931","1992",75.5943132157002,"DE","Germany"
"932","1993",83.3718746855612,"DE","Germany"
"933","1994",87.7860213235067,"DE","Germany"
"934","1995",91.4333556597455,"DE","Germany"
"935","1996",94.4098224708049,"DE","Germany"
"936","1997",96.7351892126235,"DE","Germany"
"937","1998",97.916472637152,"DE","Germany"
"938","1999",98.8187165754716,"DE","Germany"
"939","2000",100,"DE","Germany"
"940","2001",101.125474337074,"DE","Germany"
"941","2002",102.502089567694,"DE","Germany"
"942","2003",103.608963851148,"DE","Germany"
"943","2004",104.427497133818,"DE","Germany"
"944","2005",105.432051781407,"DE","Germany"
"945","2006",106.576135098697,"DE","Germany"
"946","2007",107.794627557061,"DE","Germany"
"947","2008",109.16193532204,"DE","Germany"
"948","2009",110.324621668482,"DE","Germany"
"949","2010",111.626827758029,"DE","Germany"
"950","2011",113.012744503224,"DE","Germany"
"951","2012",114.361455190117,"DE","Germany"
"952","2013",115.868291624798,"DE","Germany"
"953","2014",117.598361433766,"DE","Germany"
"954","2015",119.021299754251,"DE","Germany"
"955","2016",120.370197899691,"DE","Germany"
"956","2017",122.036525851575,"DE","Germany"
"957","2018",123.851570917595,"DE","Germany"
"958","1980",0.142322582673843,"MX","Mexico"
"959","1981",0.187517857808111,"MX","Mexico"
"960","1982",0.286863767633585,"MX","Mexico"
"961","1983",0.483730008486408,"MX","Mexico"
"962","1984",0.709020997417973,"MX","Mexico"
"963","1985",1.03592564291802,"MX","Mexico"
"964","1986",1.69484384664859,"MX","Mexico"
"965","1987",3.05521146024476,"MX","Mexico"
"966","1988",7.13038214437463,"MX","Mexico"
"967","1989",12.7458846829939,"MX","Mexico"
"968","1990",18.8956452468156,"MX","Mexico"
"969","1991",25.0731913702208,"MX","Mexico"
"970","1992",29.6734324885821,"MX","Mexico"
"971","1993",32.6395928756188,"MX","Mexico"
"972","1994",35.0371302910604,"MX","Mexico"
"973","1995",45.1503650008789,"MX","Mexico"
"974","1996",58.0962357997089,"MX","Mexico"
"975","1997",69.4494321852968,"MX","Mexico"
"976","1998",80.4806136209555,"MX","Mexico"
"977","1999",92.0226863296622,"MX","Mexico"
"978","2000",100,"MX","Mexico"
"979","2001",105.782036189746,"MX","Mexico"
"980","2002",113.431426755374,"MX","Mexico"
"981","2003",119.670819771246,"MX","Mexico"
"982","2004",124.28377573104,"MX","Mexico"
"983","2005",128.116789613727,"MX","Mexico"
"984","2006",132.184517253699,"MX","Mexico"
"985","2007",136.201229618302,"MX","Mexico"
"986","2008",140.319373512396,"MX","Mexico"
"987","2009",144.990352475591,"MX","Mexico"
"988","2010",148.417541771065,"MX","Mexico"
"989","2011",151.422392366139,"MX","Mexico"
"990","2012",154.244254278448,"MX","Mexico"
"991","2013",157.539055775115,"MX","Mexico"
"992","2014",160.756189653738,"MX","Mexico"
"993","2015",164.115431066358,"MX","Mexico"
"994","2016",167.764270532438,"MX","Mexico"
"995","2017",171.885577751071,"MX","Mexico"
"996","2018",176.205423587502,"MX","Mexico"
"997","1960",12.833516150995,"US","United States"
"998","1961",12.9479497494352,"US","United States"
"999","1962",13.0835747549939,"US","United States"
"1000","1963",13.257344293366,"US","United States"
"1001","1964",13.4734966459752,"US","United States"
"1002","1965",13.7235552499741,"US","United States"
"1003","1966",14.1431451109215,"US","United States"
"1004","1967",14.6220709118008,"US","United States"
"1005","1968",15.3171490652892,"US","United States"
"1006","1969",16.5674420852839,"US","United States"
"1007","1970",18.0677937092772,"US","United States"
"1008","1971",18.8264460841214,"US","United States"
"1009","1972",19.665625806016,"US","United States"
"1010","1973",20.5641414678427,"US","United States"
"1011","1974",22.5773251441052,"US","United States"
"1012","1975",24.8024228915531,"US","United States"
"1013","1976",26.1671495099877,"US","United States"
"1014","1977",27.9302745822513,"US","United States"
"1015","1978",30.7487317290187,"US","United States"
"1016","1979",35.0251576855425,"US","United States"
"1017","1980",41.1749040313461,"US","United States"
"1018","1981",45.9895917286811,"US","United States"
"1019","1982",49.2488301435144,"US","United States"
"1020","1983",50.9914324494741,"US","United States"
"1021","1984",53.520718247884,"US","United States"
"1022","1985",56.5798700043488,"US","United States"
"1023","1986",59.7259594666741,"US","United States"
"1024","1987",62.540881806386,"US","United States"
"1025","1988",65.55863722315,"US","United States"
"1026","1989",68.5515548360937,"US","United States"
"1027","1990",72.2937479951176,"US","United States"
"1028","1991",75.5722985545002,"US","United States"
"1029","1992",78.134701424541,"US","United States"
"1030","1993",80.4818505181229,"US","United States"
"1031","1994",82.9697399767023,"US","United States"
"1032","1995",85.6397733299651,"US","United States"
"1033","1996",88.4091578985097,"US","United States"
"1034","1997",91.1081704870594,"US","United States"
"1035","1998",94.1673186485315,"US","United States"
"1036","1999",96.8456384597196,"US","United States"
"1037","2000",100,"US","United States"
"1038","2001",103.746327400505,"US","United States"
"1039","2002",107.654095133354,"US","United States"
"1040","2003",110.212363761914,"US","United States"
"1041","2004",113.209415616339,"US","United States"
"1042","2005",116.111268471926,"US","United States"
"1043","2006",120.15978735475,"US","United States"
"1044","2007",124.591467738051,"US","United States"
"1045","2008",127.740328939665,"US","United States"
"1046","2009",129.117520271894,"US","United States"
"1047","2010",128.8648900364,"US","United States"
"1048","2011",131.062336526387,"US","United States"
"1049","2012",134.538953442205,"US","United States"
"1050","2013",138.341154936549,"US","United States"
"1051","2014",142.701536261583,"US","United States"
"1052","2015",147.801497917947,"US","United States"
"1053","2016",153.377775838061,"US","United States"
"1054","2017",159.228018655813,"US","United States"
"1055","2018",164.987030984944,"US","United States"
"1056","1959",8.83989315746658,"IE","Ireland"
"1057","1960",9.10721190245327,"IE","Ireland"
"1058","1961",9.41677182076501,"IE","Ireland"
"1059","1962",9.81734234020597,"IE","Ireland"
"1060","1963",10.2701526664228,"IE","Ireland"
"1061","1964",10.8207070003882,"IE","Ireland"
"1062","1965",11.4912490281717,"IE","Ireland"
"1063","1966",12.2166838020167,"IE","Ireland"
"1064","1967",12.9576265681555,"IE","Ireland"
"1065","1968",13.8565116587723,"IE","Ireland"
"1066","1969",15.3473932913206,"IE","Ireland"
"1067","1970",16.7839354361489,"IE","Ireland"
"1068","1971",18.5265078710555,"IE","Ireland"
"1069","1972",20.6717351991522,"IE","Ireland"
"1070","1973",22.1013419089004,"IE","Ireland"
"1071","1974",24.0602639551892,"IE","Ireland"
"1072","1975",26.7357083367923,"IE","Ireland"
"1073","1976",30.5570423223202,"IE","Ireland"
"1074","1977",33.1054079518728,"IE","Ireland"
"1075","1978",29.5208872745062,"IE","Ireland"
"1076","1979",32.2466149130142,"IE","Ireland"
"1077","1980",38.5731895843119,"IE","Ireland"
"1078","1981",44.6617254920989,"IE","Ireland"
"1079","1982",52.0244464139718,"IE","Ireland"
"1080","1983",54.649822191294,"IE","Ireland"
"1081","1984",59.8328948292472,"IE","Ireland"
"1082","1985",64.8969535837196,"IE","Ireland"
"1083","1986",67.8677102716016,"IE","Ireland"
"1084","1987",74.7333608157666,"IE","Ireland"
"1085","1988",73.5478576858821,"IE","Ireland"
"1086","1989",79.480043789325,"IE","Ireland"
"1087","1990",93.7990066849518,"IE","Ireland"
"1088","1991",98.5477718697673,"IE","Ireland"
"1089","1992",107.740337903946,"IE","Ireland"
"1090","1993",101.466742637407,"IE","Ireland"
"1091","1994",92.5791409386802,"IE","Ireland"
"1092","1995",98.6349051373582,"IE","Ireland"
"1093","1996",97.5893101284998,"IE","Ireland"
"1094","1997",103.659593036583,"IE","Ireland"
"1095","1998",107.406323542989,"IE","Ireland"
"1096","1999",89.4423475076419,"IE","Ireland"
"1097","2000",100,"IE","Ireland"
"1098","2001",120.490849199944,"IE","Ireland"
"1099","2002",117.615447167215,"IE","Ireland"
"1100","2003",111.015590656608,"IE","Ireland"
"1101","2004",113.883907727235,"IE","Ireland"
"1102","2005",123.791315340864,"IE","Ireland"
"1103","2006",152.240325108152,"IE","Ireland"
"1104","2007",199.918804485344,"IE","Ireland"
"1105","2008",224.19707019588,"IE","Ireland"
"1106","2009",149.650052878779,"IE","Ireland"
"1107","2010",153.264736668642,"IE","Ireland"
"1108","2011",174.908821034151,"IE","Ireland"
"1109","2012",169.450219127456,"IE","Ireland"
"1110","2013",168.074589270754,"IE","Ireland"
"1111","2014",166.84534414405,"IE","Ireland"
"1112","2015",168.089234047101,"IE","Ireland"
"1113","2016",172.55265511476,"IE","Ireland"
"1114","2017",179.138139994061,"IE","Ireland"
"1115","2018",186.996732895922,"IE","Ireland"
"1116","1998",89.8592690233024,"EE","Estonia"
"1117","1999",97.3941203099152,"EE","Estonia"
"1118","2000",100,"EE","Estonia"
"1119","2001",109.837728765478,"EE","Estonia"
"1120","2002",110.369673712969,"EE","Estonia"
"1121","2003",113.5748496807,"EE","Estonia"
"1122","2004",119.964987212927,"EE","Estonia"
"1123","2005",125.762575981282,"EE","Estonia"
"1124","2006",154.050235943505,"EE","Estonia"
"1125","2007",195.333646829164,"EE","Estonia"
"1126","2008",187.401525129452,"EE","Estonia"
"1127","2009",128.671474753268,"EE","Estonia"
"1128","2010",115.325567821011,"EE","Estonia"
"1129","2011",140.206048473599,"EE","Estonia"
"1130","2012",165.719484186056,"EE","Estonia"
"1131","2013",189.051250040237,"EE","Estonia"
"1132","2014",209.716532387954,"EE","Estonia"
"1133","2015",225.104713084909,"EE","Estonia"
"1134","2016",239.700952890761,"EE","Estonia"
"1135","2017",257.248653142225,"EE","Estonia"
"1136","2018",274.446146739829,"EE","Estonia"
"1137","1961",4.95227967452776,"ES","Spain"
"1138","1962",5.27157870642363,"ES","Spain"
"1139","1963",5.4957153361344,"ES","Spain"
"1140","1964",5.80374585698969,"ES","Spain"
"1141","1965",6.41354603902498,"ES","Spain"
"1142","1966",6.93193937232831,"ES","Spain"
"1143","1967",7.5304703030398,"ES","Spain"
"1144","1968",8.04260129620918,"ES","Spain"
"1145","1969",8.15028689825745,"ES","Spain"
"1146","1970",8.54722081224977,"ES","Spain"
"1147","1971",9.05184069840505,"ES","Spain"
"1148","1972",9.51388629463066,"ES","Spain"
"1149","1973",10.4905678200792,"ES","Spain"
"1150","1974",11.8391405610482,"ES","Spain"
"1151","1975",13.4932392569336,"ES","Spain"
"1152","1976",15.1043677603314,"ES","Spain"
"1153","1977",17.0771105532143,"ES","Spain"
"1154","1978",19.2322170482876,"ES","Spain"
"1155","1979",21.832901986871,"ES","Spain"
"1156","1980",24.4638957516569,"ES","Spain"
"1157","1981",27.712138874735,"ES","Spain"
"1158","1982",31.0698143111618,"ES","Spain"
"1159","1983",33.7335848335539,"ES","Spain"
"1160","1984",35.6266488547246,"ES","Spain"
"1161","1985",37.995928716357,"ES","Spain"
"1162","1986",40.8574805757188,"ES","Spain"
"1163","1987",42.9929860002211,"ES","Spain"
"1164","1988",45.8082787489093,"ES","Spain"
"1165","1989",49.9815251969408,"ES","Spain"
"1166","1990",54.2061747132609,"ES","Spain"
"1167","1991",59.0431450266382,"ES","Spain"
"1168","1992",63.9860173432055,"ES","Spain"
"1169","1993",69.8349417540809,"ES","Spain"
"1170","1994",73.741337642916,"ES","Spain"
"1171","1995",77.8065354255307,"ES","Spain"
"1172","1996",83.6216207000448,"ES","Spain"
"1173","1997",88.7634681606365,"ES","Spain"
"1174","1998",93.0944504729065,"ES","Spain"
"1175","1999",96.3780295546469,"ES","Spain"
"1176","2000",100,"ES","Spain"
"1177","2001",104.245637885609,"ES","Spain"
"1178","2002",108.79743799514,"ES","Spain"
"1179","2003",113.437163637104,"ES","Spain"
"1180","2004",118.088801794113,"ES","Spain"
"1181","2005",123.135590086232,"ES","Spain"
"1182","2006",128.503486920566,"ES","Spain"
"1183","2007",134.11735546839,"ES","Spain"
"1184","2008",139.810256233708,"ES","Spain"
"1185","2009",144.107344647825,"ES","Spain"
"1186","2010",145.708265463699,"ES","Spain"
"1187","2011",147.220212971528,"ES","Spain"
"1188","2012",148.02933669488,"ES","Spain"
"1189","2013",147.754286470103,"ES","Spain"
"1190","2014",146.738601269211,"ES","Spain"
"1191","2015",146.03141844613,"ES","Spain"
"1192","2016",145.90304950528,"ES","Spain"
"1193","2017",146.50210334565,"ES","Spain"
"1194","2018",148.353636024127,"ES","Spain"
"1195","2000",100,"HU","Hungary"
"1196","2001",117.364752760515,"HU","Hungary"
"1197","2002",131.123097109424,"HU","Hungary"
"1198","2003",140.877464935365,"HU","Hungary"
"1199","2004",154.650005137605,"HU","Hungary"
"1200","2005",161.436874189453,"HU","Hungary"
"1201","2006",168.237957140207,"HU","Hungary"
"1202","2007",181.130192025781,"HU","Hungary"
"1203","2008",197.401665583948,"HU","Hungary"
"1204","2009",210.606263379518,"HU","Hungary"
"1205","2010",217.847495981009,"HU","Hungary"
"1206","2011",221.879864210638,"HU","Hungary"
"1207","2012",230.398964219542,"HU","Hungary"
"1208","2013",235.098669889923,"HU","Hungary"
"1209","2014",235.83699862771,"HU","Hungary"
"1210","2015",240.60770762551,"HU","Hungary"
"1211","2016",253.201751393651,"HU","Hungary"
"1212","2017",260.908656105911,"HU","Hungary"
"1213","2018",274.073505511737,"HU","Hungary"
"1214","1956",3.74298579050819,"NZ","New Zealand"
"1215","1957",3.96751483174873,"NZ","New Zealand"
"1216","1958",4.18489570804065,"NZ","New Zealand"
"1217","1959",4.38650971714597,"NZ","New Zealand"
"1218","1960",4.56243381924469,"NZ","New Zealand"
"1219","1961",4.77127784588745,"NZ","New Zealand"
"1220","1962",5.09600402857028,"NZ","New Zealand"
"1221","1963",5.31479473877163,"NZ","New Zealand"
"1222","1964",5.50932863699168,"NZ","New Zealand"
"1223","1965",5.72096618434004,"NZ","New Zealand"
"1224","1966",6.02697120868969,"NZ","New Zealand"
"1225","1967",6.39152665111595,"NZ","New Zealand"
"1226","1968",6.73471628353251,"NZ","New Zealand"
"1227","1969",7.11971247530466,"NZ","New Zealand"
"1228","1970",7.58799648020612,"NZ","New Zealand"
"1229","1971",8.16277525753462,"NZ","New Zealand"
"1230","1972",8.92453852773671,"NZ","New Zealand"
"1231","1973",9.92453574471875,"NZ","New Zealand"
"1232","1974",11.3452108785769,"NZ","New Zealand"
"1233","1975",13.2808760785651,"NZ","New Zealand"
"1234","1976",14.6631450355915,"NZ","New Zealand"
"1235","1977",16.2631157099451,"NZ","New Zealand"
"1236","1978",17.7525443297516,"NZ","New Zealand"
"1237","1979",19.1868173938033,"NZ","New Zealand"
"1238","1980",21.4465940518387,"NZ","New Zealand"
"1239","1981",25.0874757866713,"NZ","New Zealand"
"1240","1982",31.2990241292814,"NZ","New Zealand"
"1241","1983",35.5375005457985,"NZ","New Zealand"
"1242","1984",38.1426526867303,"NZ","New Zealand"
"1243","1985",44.7701891379042,"NZ","New Zealand"
"1244","1986",52.0885056296092,"NZ","New Zealand"
"1245","1987",61.5127254052256,"NZ","New Zealand"
"1246","1988",68.4264707267143,"NZ","New Zealand"
"1247","1989",70.3881489874961,"NZ","New Zealand"
"1248","1990",75.5136314596996,"NZ","New Zealand"
"1249","1991",77.4195863410845,"NZ","New Zealand"
"1250","1992",77.2475782275622,"NZ","New Zealand"
"1251","1993",80.1236850037455,"NZ","New Zealand"
"1252","1994",85.6545527226163,"NZ","New Zealand"
"1253","1995",91.234532092063,"NZ","New Zealand"
"1254","1996",95.6023972402216,"NZ","New Zealand"
"1255","1997",98.5926838782053,"NZ","New Zealand"
"1256","1998",100.891936897436,"NZ","New Zealand"
"1257","1999",99.7118933613315,"NZ","New Zealand"
"1258","2000",100,"NZ","New Zealand"
"1259","2001",90.5471348589115,"NZ","New Zealand"
"1260","2002",92.2424904062096,"NZ","New Zealand"
"1261","2003",95.1194474610658,"NZ","New Zealand"
"1262","2004",98.1505260444379,"NZ","New Zealand"
"1263","2005",100.565118513747,"NZ","New Zealand"
"1264","2006",102.825586332269,"NZ","New Zealand"
"1265","2007",105.805291072803,"NZ","New Zealand"
"1266","2008",109.041871272071,"NZ","New Zealand"
"1267","2009",110.660156688298,"NZ","New Zealand"
"1268","2010",112.278451471339,"NZ","New Zealand"
"1269","2011",114.359107717655,"NZ","New Zealand"
"1270","2012",117.030569401157,"NZ","New Zealand"
"1271","2013",119.496532591034,"NZ","New Zealand"
"1272","2014",122.039559667439,"NZ","New Zealand"
"1273","2015",124.89080170044,"NZ","New Zealand"
"1274","2016",127.639333515013,"NZ","New Zealand"
"1275","2017",130.488749019626,"NZ","New Zealand"
"1276","2018",133.526749676781,"NZ","New Zealand"
"1277","1967",13.0873220709579,"DK","Denmark"
"1278","1968",14.5574030170002,"DK","Denmark"
"1279","1969",15.6868589560737,"DK","Denmark"
"1280","1970",16.8700952444226,"DK","Denmark"
"1281","1971",18.5194543720072,"DK","Denmark"
"1282","1972",19.8102585804111,"DK","Denmark"
"1283","1973",21.2982712440414,"DK","Denmark"
"1284","1974",23.1421524271837,"DK","Denmark"
"1285","1975",25.4799411880675,"DK","Denmark"
"1286","1976",28.8754745431134,"DK","Denmark"
"1287","1977",32.1912283273624,"DK","Denmark"
"1288","1978",34.9413613835825,"DK","Denmark"
"1289","1979",37.6977338196775,"DK","Denmark"
"1290","1980",40.502750309983,"DK","Denmark"
"1291","1981",43.4238235988655,"DK","Denmark"
"1292","1982",47.6718086185767,"DK","Denmark"
"1293","1983",52.3917875606696,"DK","Denmark"
"1294","1984",56.5723417822528,"DK","Denmark"
"1295","1985",59.4717613899375,"DK","Denmark"
"1296","1986",61.966603430359,"DK","Denmark"
"1297","1987",65.1357390090507,"DK","Denmark"
"1298","1988",69.0465808703789,"DK","Denmark"
"1299","1989",73.0922734957064,"DK","Denmark"
"1300","1990",77.0705497659149,"DK","Denmark"
"1301","1991",80.1722473249741,"DK","Denmark"
"1302","1992",82.6670965869003,"DK","Denmark"
"1303","1993",85.2293730362021,"DK","Denmark"
"1304","1994",87.5219335144967,"DK","Denmark"
"1305","1995",89.207642084906,"DK","Denmark"
"1306","1996",90.5562038861804,"DK","Denmark"
"1307","1997",92.9836223499785,"DK","Denmark"
"1308","1998",94.8041889058915,"DK","Denmark"
"1309","1999",97.3327517615054,"DK","Denmark"
"1310","2000",100,"DK","Denmark"
"1311","2001",102.822185617218,"DK","Denmark"
"1312","2002",105.39785795734,"DK","Denmark"
"1313","2003",108.322563662978,"DK","Denmark"
"1314","2004",111.259311227345,"DK","Denmark"
"1315","2005",113.883125727115,"DK","Denmark"
"1316","2006",116.218080047489,"DK","Denmark"
"1317","2007",118.649318687159,"DK","Denmark"
"1318","2008",121.935099617044,"DK","Denmark"
"1319","2009",125.642143400303,"DK","Denmark"
"1320","2010",129.132534827511,"DK","Denmark"
"1321","2011",133.008077974917,"DK","Denmark"
"1322","2012",136.438296216004,"DK","Denmark"
"1323","2013",139.314856151241,"DK","Denmark"
"1324","2014",141.734056542936,"DK","Denmark"
"1325","2015",144.442124335531,"DK","Denmark"
"1326","2016",146.391919714202,"DK","Denmark"
"1327","2017",148.714861061864,"DK","Denmark"
"1328","2018",150.496153464582,"DK","Denmark"
"1329","1999",97.1375335815721,"CO","Colombia"
"1330","2000",100,"CO","Colombia"
"1331","2001",101.766599925672,"CO","Colombia"
"1332","2002",104.294838800233,"CO","Colombia"
"1333","2003",107.955345997627,"CO","Colombia"
"1334","2004",112.375239640714,"CO","Colombia"
"1335","2005",116.859926129093,"CO","Colombia"
"1336","2006",122.08922212537,"CO","Colombia"
"1337","2007",127.452656194408,"CO","Colombia"
"1338","2008",133.453841536529,"CO","Colombia"
"1339","2009",139.66269410088,"CO","Colombia"
"1340","2010",144.948622352336,"CO","Colombia"
"1341","2011",149.74131001247,"CO","Colombia"
"1342","2012",155.419748836777,"CO","Colombia"
"1343","2013",161.322625292813,"CO","Colombia"
"1344","2014",166.647826144396,"CO","Colombia"
"1345","2015",172.342715082503,"CO","Colombia"
"1346","2016",179.268971300173,"CO","Colombia"
"1347","2017",186.719476875275,"CO","Colombia"
"1348","2018",193.470960328253,"CO","Colombia"
"1349","1995",56.8817435931221,"CR","Costa Rica"
"1350","1996",66.6241445770735,"CR","Costa Rica"
"1351","1997",76.0394915908885,"CR","Costa Rica"
"1352","1998",84.4704168302515,"CR","Costa Rica"
"1353","1999",93.1072756673448,"CR","Costa Rica"
"1354","2000",100,"CR","Costa Rica"
"1355","2001",108.09914617151,"CR","Costa Rica"
"1356","2002",116.854870737637,"CR","Costa Rica"
"1357","2003",123.498885711879,"CR","Costa Rica"
"1358","2004",129.091117879081,"CR","Costa Rica"
"1359","2005",136.329643233005,"CR","Costa Rica"
"1360","2006",144.398496533102,"CR","Costa Rica"
"1361","2007",153.643677572763,"CR","Costa Rica"
"1362","2008",163.22633960058,"CR","Costa Rica"
"1363","2009",172.299662263448,"CR","Costa Rica"
"1364","2010",183.72600955367,"CR","Costa Rica"
"1365","2011",192.956810850096,"CR","Costa Rica"
"1366","2012",203.365643647132,"CR","Costa Rica"
"1367","2013",213.172963606585,"CR","Costa Rica"
"1368","2014",220.660186960515,"CR","Costa Rica"
"1369","2015",227.168145256761,"CR","Costa Rica"
"1370","2016",233.087175830354,"CR","Costa Rica"
"1371","2017",238.750591134093,"CR","Costa Rica"
"1372","2018",243.164979214936,"CR","Costa Rica"
